Balance,Bonus_miles,Flight_miles_12months,Flight_trans_12_months,Days_since_enroll
28143,174,0,0,7000
19244,215,0,0,6968
41354,4123,0,0,7034
14776,500,0,0,6952
97752,43300,2077,4,6935
16420,0,0,0,6942
84914,27482,0,0,6994
20856,5250,250,1,6938
443003,1753,3850,12,6948
104860,28426,1150,3,6931
40091,7278,0,0,6959
96522,61105,0,0,6924
43382,11150,0,0,6924
43097,3258,0,0,6918
17648,0,0,0,6912
28495,49442,0,0,6912
51890,48963,0,0,6910
13958,4291,0,0,6905
91473,27408,0,0,6903
23354,10447,0,0,6896
120576,58831,250,2,6896
185681,13300,1800,9,6896
20584,3450,3450,11,6884
66275,2533,150,1,6884
205651,4025,700,4,7932
20726,1375,0,0,7924
18521,1227,1227,2,7917
8828,0,0,0,7914
59763,33772,100,1,7907
19221,4655,500,1,7896
177926,20797,0,0,7886
10021,0,0,0,7879
276571,42044,0,0,7872
18047,100,0,0,7868
43832,0,0,0,7865
123759,50572,2500,5,7865
23193,650,550,3,7861
68666,350,350,2,7861
59990,27878,0,0,7854
2176,0,0,0,7847
34616,1750,500,1,7850
10470,38094,0,0,7840
60313,10000,3250,9,7829
619393,15008,0,0,7819
121260,18493,0,0,7808
288865,23600,2000,4,6884
92336,11214,0,0,6884
36924,5900,300,2,6879
70312,34678,500,1,6875
17051,1150,1150,4,6868
108137,6368,6368,5,6844
1300,370,0,0,6868
118531,44577,0,0,6868
121395,4970,650,2,6889
38348,0,0,0,6861
14448,1625,0,0,6856
75971,34339,0,0,6869
36298,3100,600,3,6865
38077,34024,0,0,6837
95118,23188,2200,7,6865
134457,15588,0,0,6861
19918,17601,0,0,6863
10120,0,0,0,6864
362642,28079,0,0,6835
80250,895,0,0,6833
53914,33767,5550,29,6826
9375,1750,0,0,6826
83237,35287,0,0,6837
230715,24047,0,0,6826
47457,12621,0,0,7766
84409,15436,1150,4,7766
252386,39787,0,0,7787
550367,12500,50,1,7801
12646,631,631,4,7787
123867,25308,0,0,7759
129871,15776,0,0,7752
109380,7537,0,0,7749
111157,32883,0,0,7771
49238,38037,0,0,7801
38896,76988,556,1,7771
4340,32685,0,0,7733
88443,1200,1200,3,6837
8454,498,0,0,6821
61990,1625,0,0,6833
24093,1750,0,0,6819
35418,58557,900,3,6813
40284,7719,0,0,6827
609477,21422,1200,8,6820
62553,7672,700,1,6819
48433,3500,500,1,6807
20508,22250,1250,5,6794
2000,2000,2000,4,6809
78629,36679,0,0,6817
143566,5000,1500,3,6785
185549,110859,2950,16,6778
16796,2875,0,0,6773
57346,5560,0,0,6766
102062,44247,0,0,6758
22324,1375,0,0,6753
64824,20184,0,0,6770
25076,57203,0,0,6750
8053,0,0,0,6750
35119,0,0,0,6749
28667,3861,2050,5,6749
34327,0,0,0,6745
3734,61096,150,2,6760
96627,49059,2300,9,6738
43498,0,0,0,6759
84674,46335,50,1,6738
15098,32917,550,3,6737
181019,18415,0,0,7714
298911,8550,2550,8,7714
124198,66330,4833,10,7710
56906,2015,0,0,7707
295638,5422,818,2,7700
67018,23260,0,0,7698
143967,7346,0,0,7689
969559,2500,1000,2,7718
122705,24222,0,0,7682
16583,2625,0,0,7682
77540,1000,0,0,7683
205126,126630,2250,10,7668
81974,37266,1050,3,7661
47258,24768,0,0,7659
77699,42775,0,0,7654
133954,37670,1500,3,7654
602064,194753,2250,10,7652
213150,56308,5200,14,7645
48333,10123,0,0,6737
142175,37461,0,0,6732
17469,0,0,0,6730
19823,1095,335,1,6730
145074,8000,0,0,6746
101101,10850,1850,6,6725
125948,15155,0,0,6761
259484,19172,7172,23,6723
129298,29099,0,0,6722
103302,53552,700,3,6718
160447,8578,0,0,6716
15472,3500,0,0,6715
39628,0,0,0,6711
6112,0,0,0,6709
31769,450,450,2,6707
126787,35021,0,0,6701
41547,16857,0,0,6697
100640,7600,1600,5,6708
18707,100,0,0,6693
50593,58208,1500,2,6689
84631,20415,0,0,6736
24868,205,0,0,6689
77097,42403,1718,4,6683
930410,211284,2250,6,7640
298121,60808,500,1,7640
87474,4581,0,0,7634
48707,37655,0,0,7631
220081,52574,500,1,7626
212976,19926,0,0,7624
44182,12313,0,0,7619
228829,59852,0,0,7612
46823,5860,0,0,7613
69110,18500,0,0,7598
120700,55323,1500,1,7598
152945,18604,3604,2,7598
10302,30298,0,0,7591
80331,15489,0,0,7634
69882,180,0,0,7582
95658,5269,0,0,7584
402874,74800,0,0,7582
370941,44615,0,0,7577
21694,45230,700,2,7575
71767,67335,0,0,7570
35820,0,0,0,7575
352508,23740,1000,2,7563
149285,15656,3250,6,7561
120941,42301,0,0,7588
451673,43533,900,4,7575
106961,7357,200,2,7572
28086,7368,0,0,7549
60230,500,0,0,7544
6663,1125,750,4,7575
48145,10735,0,0,7540
127807,17086,1500,3,7537
32948,50,50,1,7569
8933,8860,0,0,7533
49885,23640,0,0,7533
89999,11694,0,0,7530
707079,57173,3450,12,7523
211595,3250,0,0,7521
410795,73679,0,0,7514
72173,2954,232,1,7509
123516,240544,500,2,7507
143080,44373,3928,17,7575
386061,107813,0,0,7500
52738,0,0,0,7498
24523,100,0,0,7493
134601,0,0,0,7493
32742,61857,0,0,7488
108341,19670,0,0,7488
8669,11397,0,0,7486
118940,36001,150,1,7484
41385,26948,0,0,7481
28621,13878,1400,10,7479
16230,486,0,0,7477
152881,79687,500,1,7474
37348,0,0,0,7472
51468,2278,0,0,7460
95989,92159,1329,4,7518
23184,3694,1150,3,7467
27381,18009,0,0,7524
6854,0,0,0,7467
201346,99612,600,4,7463
31588,2947,0,0,7463
204582,4671,0,0,7498
8298,20087,0,0,7498
10097,2700,2700,1,7498
114356,27308,0,0,7456
1344,1134,0,0,7498
59797,7069,0,0,7444
189053,24156,0,0,7439
143481,45891,0,0,7437
1302051,90653,3050,7,7467
229744,68754,550,2,7467
75039,2750,250,1,7435
20203,750,0,0,7467
193976,10849,0,0,7416
98224,5570,0,0,7467
117329,6448,0,0,7416
119239,36362,250,1,7467
53715,7164,300,2,7416
153747,58689,0,0,7409
133309,23987,0,0,7415
81380,56524,0,0,7404
22074,6039,0,0,7404
24051,8764,0,0,7395
11449,9057,0,0,7397
182317,19489,273,1,7397
46184,3125,500,1,7388
285116,8471,500,1,7406
30962,97683,6400,18,7360
15525,3853,0,0,7406
163530,88987,0,0,7406
2075,5002,0,0,7374
227881,41186,0,0,7369
118934,66222,2250,17,7354
468175,141615,0,0,7348
12526,56076,3850,11,7375
176090,5300,2200,6,7344
15221,4425,0,0,7361
92875,60990,0,0,7344
88702,9620,50,1,7406
62882,1925,0,0,7375
30015,5875,0,0,7341
87293,21584,1050,2,7406
45225,14711,0,0,7339
96098,12500,0,0,7339
236274,61515,0,0,7375
423540,8534,2100,9,7375
25279,14938,0,0,7327
198137,6303,500,1,7323
402312,77122,250,3,7375
149733,605,500,1,7323
70730,1319,0,0,7316
164613,11095,0,0,7375
47557,10267,200,3,7345
35065,5400,1400,3,7311
105769,23097,0,0,7345
35900,0,0,0,7304
43088,4000,0,0,7345
58703,46473,950,4,7296
70354,120907,0,0,7290
145726,19019,0,0,7292
121639,67286,0,0,7288
70676,74993,0,0,7288
18263,2100,1000,2,7285
51250,0,0,0,7283
1704838,17108,4823,23,7283
12895,0,0,0,7277
120073,12423,0,0,7276
2003,980,0,0,7274
22652,57642,0,0,7271
168515,4600,0,0,7269
44873,38740,850,2,7267
190542,8487,0,0,7267
156230,5300,1300,5,7260
79211,36776,0,0,7260
98006,46349,2309,3,7332
33982,68320,0,0,7255
62998,11326,0,0,7253
137908,57713,0,0,7250
45586,37459,0,0,7246
568174,67121,1000,2,7243
145993,95082,500,1,7229
294881,84800,0,0,7279
12195,3875,0,0,7229
16622,0,0,0,7229
141813,39743,0,0,7254
58139,38408,150,1,7227
238868,20521,0,0,7220
149286,42141,2400,13,7222
35945,0,0,0,7220
28218,750,750,4,7232
7061,7100,0,0,7218
217846,49198,0,0,7215
364387,28200,0,0,7213
125465,14750,0,0,7206
94222,52081,0,0,7201
123370,7478,0,0,7197
383030,8001,3226,15,7326
112969,7572,0,0,7192
46430,2100,500,1,7194
179433,30476,0,0,7187
20746,37534,0,0,7185
61455,28765,0,0,7183
714717,119162,1750,4,7183
179559,17819,1000,2,7173
119977,9275,1400,4,7226
16928,1000,0,0,7173
65316,3917,0,0,7254
766419,11398,398,1,7162
52060,6500,0,0,7162
84700,13544,0,0,7162
205523,32404,1000,2,7159
20457,51399,0,0,7193
278727,21666,9166,16,7155
50325,11930,0,0,7155
455228,258,258,2,7141
73849,11793,0,0,7250
388455,114329,6078,8,7164
138999,63738,600,4,7153
65573,3875,0,0,7130
172288,66879,0,0,7130
47958,0,0,0,7130
133002,15672,150,1,7117
42363,0,0,0,7120
133370,44299,0,0,7101
278457,57313,1000,2,7101
105166,37663,0,0,7120
34956,0,0,0,7172
46963,1500,0,0,7117
55788,24831,0,0,7314
174910,63960,200,1,7110
13812,15149,0,0,7110
38718,0,0,0,7314
112501,19140,0,0,7101
54005,1500,0,0,7099
66863,36532,0,0,7099
93045,17636,0,0,7092
197328,60447,0,0,7092
151301,37772,0,0,7092
87938,11268,0,0,7085
15283,1250,0,0,7132
105423,20802,0,0,7078
312512,100,100,1,7078
13680,0,0,0,7073
41279,14462,1650,6,7064
25313,7491,0,0,7064
148691,3000,1000,2,7064
224081,40108,150,2,7059
51088,0,0,0,7057
95305,3189,0,0,7054
22080,12200,1950,9,7050
11660,140,0,0,7050
222227,38127,500,1,7047
16200,160,0,0,7043
38227,8612,0,0,7036
80214,500,500,1,7029
53985,1000,0,0,7029
14414,0,0,0,7024
44457,225,0,0,7026
161813,126941,0,0,7026
138020,6568,0,0,7024
107707,19407,2211,12,7024
95656,62666,0,0,7019
149678,0,0,0,7022
15113,10574,0,0,7017
231,29900,5300,15,7015
22380,300,200,1,7010
146263,20853,350,1,7001
24598,0,0,0,7040
76150,36907,0,0,6998
377252,230629,6393,13,6996
167670,15907,0,0,6994
86853,42293,500,1,6980
479989,66516,1600,6,6980
28193,103456,0,0,6980
67086,18157,0,0,6974
35969,11665,0,0,6977
53790,28717,0,0,8296
198859,17855,500,1,8296
91939,1244,0,0,8296
88449,11402,1450,5,8296
54842,20792,0,0,8296
11189,9044,0,0,8296
16999,140,0,0,8296
114713,7142,0,0,8296
1612,955,0,0,8296
97763,2000,0,0,8296
15129,0,0,0,8296
15669,1205,0,0,8296
26720,913,0,0,8296
205292,5471,0,0,8296
56635,1024,359,2,8296
127297,8510,0,0,8296
8927,0,0,0,8296
507506,102279,4485,13,8296
145723,59858,0,0,8296
6458,0,0,0,8296
267640,6000,0,0,8296
5581,0,0,0,8296
10732,1296,0,0,8296
620498,25395,1750,14,8296
68963,37723,0,0,8296
109640,66983,5500,17,8296
225802,74340,200,2,8296
58452,0,0,0,8296
109087,10462,0,0,8296
68286,22831,0,0,8296
68464,240,0,0,8296
131960,16081,0,0,8296
199956,0,0,0,8296
529886,23866,7741,15,8296
23529,500,0,0,8296
190295,3501,0,0,8296
21083,129330,1000,2,8296
117860,62758,0,0,8296
118844,28731,400,2,8289
60493,9000,0,0,8289
491987,68007,700,2,8289
87692,2310,500,1,8289
78028,36269,0,0,8289
251286,0,0,0,8289
17575,0,0,0,8289
50431,1000,0,0,8289
153597,56567,0,0,8289
74579,4600,600,8,8289
2494,0,0,0,8289
96031,46588,0,0,8289
353678,141230,1450,5,8289
50052,49383,0,0,8289
13381,1000,0,0,8289
25123,2030,0,0,8289
132555,24775,350,1,8289
14528,6000,3000,6,8289
24038,6290,0,0,8289
192104,39010,1750,8,8289
106773,12900,1400,8,8289
229397,22873,0,0,8289
14732,100,0,0,8289
383129,23608,500,1,8289
11431,1759,759,3,8289
175461,40997,0,0,8289
52953,500,0,0,8289
182291,24155,0,0,8289
198317,61714,0,0,8289
49053,6498,950,5,8289
22772,0,0,0,8289
34170,15476,150,1,8289
158483,9018,0,0,8289
43285,28613,0,0,8252
52980,17078,0,0,8237
74342,4389,0,0,8228
139849,19946,0,0,8228
26080,9872,0,0,8228
29469,2522,0,0,8228
189252,2991,0,0,8228
382546,136619,3000,6,8228
1113394,60883,2600,9,8228
459681,95531,0,0,8228
83590,3708,0,0,8228
82528,2100,600,4,8228
5600,125,0,0,8228
743745,4100,2500,18,8228
43954,63463,250,1,8228
52005,11870,100,1,8228
45494,5021,600,2,8228
171509,40090,6381,23,8151
235947,3982,0,0,8145
153108,25802,500,1,8137
260261,33047,0,0,8146
80223,21248,2050,7,8121
38716,8253,0,0,8114
1125076,23046,0,0,8107
10954,2500,0,0,8095
97099,6325,1700,5,8085
62396,1250,0,0,8075
40645,18348,0,0,8067
82655,101101,700,2,8057
84035,4240,1600,4,8114
1199220,3800,3300,18,8023
86345,13415,350,2,8009
2701,5000,0,0,8002
46874,9689,500,1,7990
10879,78186,3400,12,7981
12742,0,0,0,7966
122904,37380,1300,4,7956
10994,1250,0,0,8007
2318,8747,0,0,7945
11070,0,0,0,7939
21921,0,0,0,7939
162521,57354,0,0,8105
207545,11137,4387,12,8105
86112,35528,0,0,8105
18328,0,0,0,6790
217557,97584,550,2,6679
11504,100,0,0,6675
143200,79837,50,1,6667
160703,32560,0,0,6666
910,5172,0,0,6662
94105,100,0,0,6676
18422,3297,0,0,6653
889456,98959,850,4,6652
9800,10348,3000,25,6651
148318,51197,350,2,6648
26149,5190,0,0,6646
76933,28075,0,0,6646
346178,63803,0,0,6645
22878,9039,0,0,6641
66741,71921,2600,7,6638
134060,46606,0,0,6637
3305,31465,1700,10,6633
28930,8185,0,0,6630
208519,4040,450,2,6627
58951,47994,500,1,6625
25395,2000,0,0,6624
109248,6828,0,0,6618
43387,4942,0,0,6613
52423,26926,0,0,6611
26858,34308,900,3,6606
5410,45890,0,0,6603
18177,12040,0,0,6690
413509,2500,0,0,6598
98472,124421,10250,28,6621
86520,64450,1000,2,6592
16648,625,0,0,6588
267404,263685,3000,6,6584
31478,18885,0,0,6578
17445,4500,500,1,6576
49052,46718,0,0,6575
21689,0,0,0,6570
18302,2197,0,0,6569
26220,2775,0,0,6647
59552,7551,0,0,6473
34962,252,0,0,6208
16153,180,0,0,6491
28931,6500,500,1,6354
202636,19000,0,0,6119
153962,90992,0,0,6567
63311,25048,0,0,6634
8561,2050,1300,2,6675
256219,29823,6568,16,6561
122700,18604,0,0,6556
81419,7769,350,1,6599
13873,4833,0,0,6519
148,190,0,0,6507
178919,23387,0,0,6555
19702,3000,0,0,6554
18820,0,0,0,6549
213849,500,0,0,6549
28077,735,500,1,6575
4528,290,0,0,6565
40418,12678,0,0,6541
380930,22485,213,1,6539
176849,7700,950,4,6539
71235,41004,0,0,6535
76446,63811,0,0,6550
148915,23522,650,2,6532
65034,14331,800,3,6541
35738,41264,0,0,6526
313,1600,0,0,6525
55703,0,0,0,6520
11613,2000,0,0,6519
65672,29089,0,0,6529
84785,4570,0,0,6514
30592,2602,0,0,6512
99293,81040,1000,2,6508
51830,0,0,0,6507
20126,78999,800,3,6506
3294,1330,0,0,6498
11143,2800,800,5,6529
8250,250,0,0,6486
117670,53043,550,1,6505
49454,9548,250,1,6501
58421,1000,0,0,6532
33443,0,0,0,6476
13886,0,0,0,6465
15349,250,0,0,6457
78712,0,0,0,6433
89742,39073,0,0,6498
31311,3961,0,0,6494
133445,3375,0,0,6492
136161,6032,0,0,6463
9998,0,0,0,6448
37904,19052,0,0,6487
41243,27971,300,1,6483
54011,38380,5780,4,6487
5351,100,0,0,6450
23334,0,0,0,6441
11255,0,0,0,6428
48127,41447,0,0,6421
329497,57264,0,0,6484
158895,41954,0,0,6525
34540,27882,0,0,6494
117623,86582,1000,6,6477
126409,28460,0,0,6478
112843,16137,0,0,6472
117240,1200,700,2,6471
7216,21419,0,0,6470
26412,5086,0,0,6552
427528,35098,1600,3,6465
1846,450,0,0,6471
45830,23404,0,0,6459
179042,25078,3350,15,6456
41487,10885,0,0,6451
39601,3733,0,0,6450
46142,14445,0,0,6452
110277,37110,1500,3,6445
122928,12211,0,0,6443
146599,16463,1000,2,6444
338656,52908,0,0,6444
54125,48874,450,3,6463
29861,28190,0,0,6407
126148,6273,0,0,6435
62080,19113,10650,28,6434
175131,53495,0,0,6431
365918,83752,1373,7,6429
105547,24973,500,1,6415
67615,14168,0,0,6413
33554,27410,350,1,6428
163083,3825,450,4,6428
747983,26117,50,1,6427
415070,153183,3802,20,6423
18111,4625,0,0,6463
41526,0,0,0,6406
38021,5538,0,0,6407
17500,0,0,0,6400
5906,280,0,0,6395
70133,7396,0,0,6392
32010,12315,650,2,6421
82605,23049,0,0,6417
77285,63841,0,0,6417
15219,0,0,0,6427
54889,13150,0,0,6438
8910,150,150,1,6413
49891,500,500,1,6392
10484,0,0,0,6375
15496,0,0,0,6324
16714,0,0,0,6214
25835,15153,0,0,6142
3487,710,0,0,6059
347096,12000,0,0,6408
155962,16510,50,1,6406
160572,8163,500,1,6403
257068,5900,400,1,6420
48410,37869,500,1,6395
33269,4675,200,1,6396
25685,185,0,0,6382
50500,4765,0,0,6380
97486,22707,0,0,6387
323459,12000,1500,3,6378
11821,10697,0,0,6387
37039,29976,0,0,6375
28306,233,0,0,6371
109532,128048,7939,26,6372
91974,19223,500,1,6372
65823,28208,300,3,6373
104824,14582,0,0,6366
16061,2750,0,0,6366
55237,5547,0,0,6358
10491,5025,150,1,6357
192334,33950,1450,4,6366
45501,49656,316,1,6375
18661,0,0,0,6352
89668,29130,0,0,6350
53327,8650,650,2,6350
133143,43643,50,1,6385
22268,23582,200,1,6339
26556,2845,720,4,6339
9601,20467,0,0,6338
280561,12154,0,0,6337
146248,2900,1400,3,6333
9483,1000,0,0,6340
119082,4230,3600,14,6340
232171,22258,650,2,6340
369816,46942,7266,17,6340
37381,6091,0,0,6332
173543,92752,0,0,6329
31211,280,100,1,6330
47780,88773,250,2,6329
79479,23167,0,0,6118
81960,37072,700,7,6326
20162,2750,0,0,6324
105683,28386,0,0,6361
234327,30406,150,2,6319
463494,27390,750,1,6323
17334,6783,50,1,6318
57909,5150,0,0,6323
17949,0,0,0,6312
529477,31624,2098,5,6311
71543,0,0,0,6305
111897,14728,0,0,6310
61598,0,0,0,6311
417875,44472,0,0,6308
340874,68090,5676,27,6305
32774,0,0,0,6304
242910,103935,500,1,6296
137843,45416,250,1,6302
30530,5590,2950,9,6298
30973,0,0,0,6298
238749,7134,3134,12,6297
16803,1287,0,0,6291
23553,1587,487,2,6295
48161,41174,0,0,6294
21616,0,0,0,6291
13114,14029,0,0,6289
117120,41278,500,1,6288
52987,17510,0,0,6289
150176,29999,400,1,6284
19002,22675,0,0,6277
60976,97318,7000,14,6282
50675,1100,100,1,6282
65466,5488,0,0,6280
64280,21721,0,0,6280
14523,4197,0,0,6276
384470,20468,0,0,6280
9157,75,0,0,6274
151904,76440,950,8,6273
13781,48914,500,1,6269
40567,18122,0,0,6268
43090,11411,0,0,6259
1875,1250,0,0,6266
126555,41253,0,0,6280
16472,45517,0,0,6262
21270,318,0,0,6256
33410,818,0,0,6255
15750,1065,0,0,6254
104665,9547,0,0,6249
86285,61274,0,0,6249
41967,2125,0,0,6247
35026,9799,500,1,6247
138411,53843,0,0,6247
127693,17383,0,0,6246
52050,43190,0,0,6245
37162,0,0,0,6241
440265,22750,1250,10,6234
66572,8048,450,2,6240
237093,42020,0,0,6240
79561,6333,400,2,6231
131528,10365,500,1,6227
11820,2045,0,0,6227
20810,1713,0,0,6225
189423,63584,600,1,6476
96477,2987,0,0,6221
106471,8444,100,1,6220
33374,20441,0,0,6214
210018,48914,0,0,6217
26740,619,0,0,6213
244216,39166,0,0,6214
76737,34648,0,0,6211
20999,15914,0,0,6206
43179,11915,0,0,6214
119214,10028,0,0,6205
14988,2100,0,0,6203
21334,5472,0,0,6200
104307,51769,450,1,6197
34357,73622,100,1,6198
231437,31266,1550,4,6340
14662,1110,0,0,6197
13144,18615,0,0,6196
10978,14313,0,0,6193
150698,43589,1200,4,6193
18035,811,0,0,6193
194604,6606,0,0,6190
117852,11406,3850,13,6186
32356,22918,0,0,6571
44247,40939,0,0,6184
23431,3546,0,0,6182
37773,8436,0,0,6179
245758,2750,750,2,6179
63587,500,500,1,6184
15088,5625,0,0,6177
152539,65972,0,0,6187
333500,69780,1258,4,6171
15064,2910,0,0,6171
19032,2375,0,0,6169
66434,13041,0,0,6230
146097,6919,0,0,6165
8207,1750,0,0,6184
293648,22148,0,0,6161
147472,20645,0,0,6163
103993,14149,100,1,6158
34651,4000,500,1,6157
102339,47498,0,0,6156
149167,48521,0,0,6155
105249,36093,0,0,6153
55610,5095,0,0,6151
70391,6000,0,0,6150
74645,40367,0,0,6147
26939,29264,0,0,6148
207655,78967,0,0,6144
7421,0,0,0,6142
74924,59650,0,0,6141
17599,100,0,0,6029
5594,370,0,0,5835
66122,11756,0,0,5630
12024,0,0,0,5119
42044,11433,0,0,6140
83105,65077,753,3,6137
152063,34257,1100,3,6159
59546,20730,0,0,6135
1258,475,0,0,6134
75181,2455,1100,3,6133
68255,19077,400,2,6130
58229,53108,500,1,6137
97349,42774,0,0,6128
131424,58814,50,1,6128
24011,20442,0,0,6123
64538,0,0,0,6123
3832,1000,0,0,6120
3268,52263,0,0,6120
36790,7158,0,0,6133
363165,5950,1850,8,6116
179382,4225,0,0,6115
218207,8500,0,0,6114
765738,62133,0,0,6112
54265,0,0,0,6109
69959,16504,0,0,6108
86380,13500,0,0,6102
48321,0,0,0,6102
78130,37251,900,2,6120
25333,11229,300,2,6099
54522,21221,2500,5,6125
75413,31726,0,0,6094
292533,64186,1000,2,6095
114932,3150,1650,12,6092
18932,24660,0,0,6091
35997,71171,900,5,6088
136664,36024,0,0,6086
173191,31503,0,0,6084
16528,250,0,0,6081
119932,22463,5177,11,6077
144171,33200,0,0,6073
77109,60000,0,0,6071
144973,23703,0,0,6280
75027,1390,500,1,6067
96387,43512,0,0,6065
34854,750,650,4,6063
44307,7944,0,0,6060
73836,64748,0,0,6087
20126,0,0,0,6053
56268,33447,100,1,6017
25629,107308,600,2,5966
70774,32635,1400,14,5931
6371,1404,0,0,5905
95595,12060,0,0,5877
51843,40997,0,0,5859
84868,33187,0,0,6057
79629,2550,50,1,6091
58620,2125,0,0,6051
70380,74399,0,0,6050
93473,20257,0,0,6049
131621,27846,6047,11,6045
195563,16715,0,0,6042
21138,4500,0,0,6031
93319,270,100,1,6043
56606,61634,100,1,6039
38763,34652,0,0,6037
16430,8528,0,0,6036
61440,8156,0,0,6032
206648,5132,2450,11,6030
323273,9000,500,1,6028
76702,21568,0,0,6025
19348,17059,0,0,6022
31669,8384,0,0,6018
40902,4850,1350,5,6018
16906,2750,0,0,6017
65508,14000,2500,5,6015
10152,0,0,0,6010
21461,40806,0,0,6011
28979,6494,0,0,6010
24711,3193,500,1,6009
301447,63866,500,1,6004
234308,21078,200,1,6007
37832,0,0,0,6004
135168,29156,300,2,6002
134650,40232,2055,2,6000
20665,19947,0,0,5997
5546,2631,0,0,5995
91736,26724,0,0,5994
444159,0,0,0,5993
94167,6500,500,1,5990
132256,15040,899,3,5988
149959,85844,1400,4,5986
104338,2500,0,0,5982
38312,37419,0,0,5980
1860,65,0,0,5976
54337,2131,230,1,5976
218763,11650,1150,3,5975
26204,4030,2930,4,5989
27876,0,0,0,5972
115533,8867,0,0,5968
129412,62510,0,0,5982
172110,21382,950,3,5944
143378,3000,1500,3,5905
120476,9406,0,0,5870
15835,112171,0,0,5825
289351,147787,500,1,5789
32141,3500,0,0,5768
967,980,0,0,5716
20281,0,0,0,5567
111072,50533,350,1,5541
2111,100,0,0,5962
322454,44591,250,1,5961
4600,140,0,0,5959
23390,1650,150,1,5958
210496,9022,4900,19,5953
40189,0,0,0,5952
21747,0,0,0,5638
212051,76256,2993,6,5523
266200,5000,0,0,5583
54148,40233,350,1,5949
25512,0,0,0,5393
28519,2125,0,0,5405
219387,105913,150,2,5951
163964,11385,0,0,5948
49736,3200,700,3,6038
10084,500,500,1,5946
22988,9347,1200,4,5944
17739,437,0,0,5941
152426,6000,2000,4,5939
34428,2625,0,0,5938
124030,61599,0,0,5934
17336,2375,0,0,5934
290012,64360,650,2,5931
29125,10930,0,0,5945
83848,28202,0,0,5927
133264,74067,0,0,5926
124869,30116,0,0,5924
39233,27545,0,0,5920
13050,13617,0,0,5920
90855,23992,0,0,5919
44824,21107,2000,4,5916
3663,894,0,0,5916
44293,21920,100,1,5913
31319,7552,0,0,5912
40757,14002,0,0,5912
130356,150,150,1,5910
125077,21881,0,0,5905
226826,91660,500,1,5906
38150,16688,0,0,5854
20342,3291,0,0,5829
45781,6498,0,0,5801
144525,2833,0,0,5785
37571,7197,0,0,5762
112013,24943,0,0,5734
30638,48963,0,0,5696
55997,68320,0,0,5899
11447,1945,0,0,5902
17778,0,0,0,5897
13375,15732,9200,28,5916
118572,21426,0,0,5892
13720,0,0,0,5884
11030,0,0,0,5884
8651,41586,950,5,5882
281626,53521,0,0,5878
26367,19649,0,0,5874
120945,4300,300,2,5871
2843,44130,7450,20,5869
11782,0,0,0,5864
89480,2946,1946,3,5902
20702,30451,1100,5,5856
15108,2850,0,0,5876
24917,16239,150,1,5857
132910,75540,250,1,5856
61227,6957,0,0,5647
2117,769,0,0,5609
38964,35166,3200,8,5553
20498,7826,7226,18,5491
131554,64937,0,0,5428
55661,15107,0,0,5387
84949,41854,0,0,5336
139897,21065,50,1,5329
155587,6893,0,0,5279
24310,2815,0,0,5266
106115,16197,500,1,5219
238641,61971,850,2,5849
70671,0,0,0,5850
31593,3128,0,0,5846
101397,19173,0,0,5847
133052,17424,0,0,5843
37252,15774,0,0,5842
15241,0,0,0,5840
21101,7171,0,0,5839
80612,32334,0,0,5839
45542,59012,0,0,5835
5274,2074,0,0,5834
101089,23503,0,0,5834
7560,0,0,0,5833
255797,62107,0,0,5832
192046,54818,1200,3,5829
370596,50120,0,0,5826
141491,63060,0,0,5827
89527,22206,0,0,5821
330644,0,0,0,5822
49430,31471,0,0,5822
114070,16293,250,1,5818
124004,9982,0,0,5815
10497,0,0,0,5815
8327,2900,150,1,5814
25463,7973,0,0,5813
85036,43825,0,0,5807
11449,24415,0,0,5864
54392,0,0,0,5807
52577,441,0,0,5804
80174,500,0,0,5804
96827,12100,8100,17,5801
9489,5359,0,0,5807
57587,2620,0,0,5799
131306,32115,0,0,5797
39985,15103,0,0,5794
71627,3225,600,2,5793
161396,26695,1000,2,5792
81300,3750,250,3,5791
66015,26706,2676,7,5790
7800,200,0,0,5787
27348,3084,0,0,5824
153554,11786,1750,4,5784
42990,5345,0,0,5804
16664,0,0,0,5778
37618,17385,0,0,5818
53384,16907,0,0,5778
43326,1100,1100,7,5776
113683,11821,0,0,5773
77930,37541,3600,18,5773
27625,27799,500,1,5772
33835,2280,1000,2,5771
170049,10232,750,2,5770
154664,73881,0,0,5769
36935,34448,0,0,5766
67904,81,0,0,5764
57434,11140,0,0,5770
11031,1600,0,0,5762
78268,6172,500,1,5758
98213,68013,0,0,5755
9430,11323,0,0,5756
5195,33050,50,1,5755
9793,3100,0,0,5755
34690,18124,0,0,5752
138368,68663,0,0,5755
63547,31745,0,0,5748
217130,51202,0,0,5745
14106,475,0,0,5749
44026,12282,634,1,5738
62183,38635,0,0,5738
165534,71312,1000,2,5736
45358,14507,0,0,5735
72325,56792,0,0,5731
190285,69262,348,1,5728
235567,16106,0,0,5728
305519,79216,650,3,5724
161546,8042,600,2,5722
38884,2850,500,1,5729
42040,14189,4034,13,5717
96988,7761,0,0,5715
24394,3250,250,1,5713
354641,77694,3600,9,5710
39313,24091,0,0,5706
468,26650,550,3,5708
146014,26366,700,3,5822
42999,33801,350,1,5653
37163,19318,0,0,4988
6158,27754,0,0,5546
108904,19931,0,0,5255
25168,500,500,1,5547
68454,13667,0,0,5559
70877,8956,0,0,5696
1057,433,0,0,5622
35342,70454,0,0,5534
16992,0,0,0,5582
2558,6264,0,0,5581
196093,14000,0,0,5595
269558,10000,0,0,5472
88500,2500,0,0,5090
8719,2000,0,0,5671
36936,2875,0,0,5492
427357,6027,0,0,5587
258422,48708,0,0,5657
75428,7539,0,0,5609
34383,22956,0,0,5611
82120,8000,0,0,5619
34546,1500,0,0,5612
92641,5265,0,0,5568
95100,1250,1250,3,5671
19960,0,0,0,4896
47150,39561,0,0,5577
1650,1250,250,1,5554
100992,8144,409,2,5422
68610,6115,0,0,5349
75684,27320,0,0,5316
42438,519,0,0,5349
17645,60978,0,0,5660
24545,0,0,0,5671
84633,10771,0,0,5479
103891,140573,1150,3,5699
39847,95918,150,1,5694
47938,12656,0,0,5708
88929,44932,650,2,5694
129866,66150,0,0,5692
22585,3430,0,0,5689
47394,31347,2150,5,5688
73640,10192,0,0,5156
247743,51296,500,1,5087
295008,136704,0,0,5028
117543,32355,600,2,4954
102803,90605,0,0,5701
89945,14218,350,1,5680
739476,24215,322,1,5678
69337,17740,0,0,5667
140866,15906,0,0,5672
25634,0,0,0,5663
82078,40279,0,0,5664
33327,1000,0,0,5664
95783,14506,0,0,5659
27591,8209,1800,16,5659
82114,58335,0,0,5658
15917,105449,200,2,5653
140511,32105,0,0,5651
375927,18202,1100,3,5652
28223,8625,0,0,5651
33129,30775,500,1,5647
1625,1375,0,0,1547
52819,37535,1000,2,5645
3507,14500,0,0,5643
14769,500,0,0,5639
37215,8199,0,0,5637
115655,64968,500,1,5631
179251,14775,200,2,5629
24418,12533,0,0,5626
34562,1770,250,3,5622
144570,49052,0,0,5617
24813,4066,0,0,5225
48803,72129,0,0,5107
22116,20809,0,0,5463
8516,0,0,0,5566
36079,22506,150,1,5323
16872,28964,0,0,5479
62895,8500,0,0,5520
7383,7225,2750,7,5238
2261,15062,0,0,5556
66950,17303,2000,8,5464
84856,6894,0,0,5547
71128,17950,4450,11,5162
39654,1625,0,0,5518
25214,1000,0,0,5598
48775,17494,0,0,5588
81952,64754,0,0,5427
46535,25891,150,1,5399
23130,5032,0,0,5500
100443,12744,0,0,5492
139664,63706,0,0,5505
31769,0,0,0,5464
60170,17235,0,0,5351
33373,0,0,0,5427
59385,22914,0,0,5476
210040,77333,0,0,5517
23379,11712,0,0,5499
22372,14766,0,0,4950
23120,4231,0,0,5615
46157,1625,500,1,5609
94896,38127,500,1,5602
12091,29271,0,0,5609
56451,9302,0,0,5597
106309,21873,1200,4,5594
121853,18120,2000,4,5589
4137,15891,0,0,5588
21676,15392,100,1,5584
36644,14506,0,0,5583
77102,13175,1850,6,5581
32214,12717,0,0,5576
42351,28959,0,0,5594
34450,26996,0,0,5566
4151,375,0,0,5570
60646,57011,50,1,5559
44331,2850,350,1,5555
76742,17910,0,0,5547
27993,6000,0,0,5542
67770,23960,0,0,5539
30554,38243,0,0,5324
123646,12450,2450,29,5069
837979,18372,1450,4,5373
6584,0,0,0,5118
17489,5565,0,0,5380
28941,2935,0,0,4692
19085,827,0,0,5244
56480,35841,500,1,5401
8320,0,0,0,5164
13640,1500,0,0,4923
14739,1800,800,3,5332
30594,3250,0,0,5017
11162,0,0,0,4950
15964,0,0,0,5325
5583,3147,0,0,5365
38822,2000,0,0,5304
2305,0,0,0,5105
39372,4296,0,0,5190
25125,1875,0,0,5147
10288,1250,0,0,5532
135149,15300,3800,17,5267
4916,900,800,2,5107
163976,39098,2594,4,4922
207021,3600,100,1,5412
104442,38180,1450,5,5029
131992,12504,0,0,5372
2278,0,0,0,5175
34086,19669,1500,3,5344
8740,1250,0,0,5395
241918,40945,0,0,5379
26748,11981,0,0,5408
65969,2550,1050,3,5419
10009,0,0,0,5353
378759,28904,2303,4,5408
40965,9850,1850,6,5429
57509,52449,150,1,5441
71503,7819,0,0,5080
110247,13690,0,0,5272
83572,101110,1700,5,5231
106234,11160,0,0,5238
28205,101685,0,0,5267
7239,15835,0,0,5343
63638,0,0,0,5155
31967,1600,350,2,5101
97752,3676,0,0,5309
8327,0,0,0,5268
10179,5321,0,0,4989
23786,16950,0,0,5364
33020,6155,1500,3,5322
35316,1250,500,1,5330
146086,6950,6950,17,5345
15352,1350,0,0,5359
13522,5000,0,0,5162
13949,0,0,0,5374
99405,14150,2150,9,5400
50016,13495,0,0,4548
23696,5577,0,0,5531
55384,0,0,0,5309
166465,98717,0,0,5531
95207,30652,2348,8,5531
80431,2150,150,1,5531
49288,12538,600,2,5353
81291,10522,1430,1,5154
48877,11761,371,2,5371
164884,35226,1734,2,5283
29707,300,0,0,5275
26325,14559,1310,2,5521
28553,13844,0,0,5517
152421,17045,500,1,5510
17699,0,0,0,5505
70565,25261,750,2,5499
15450,50,50,1,5499
71736,53602,50,1,5485
37926,25153,0,0,5845
58628,22581,0,0,5471
31007,5700,1200,4,5465
11494,8425,4700,11,5487
27469,1,0,0,5461
44760,3105,100,2,5455
7210,2402,0,0,5449
92402,40825,0,0,5443
22831,4500,0,0,5442
59113,46808,0,0,5435
24608,62774,0,0,5430
16103,10819,0,0,5427
51261,2000,2000,4,4904
24698,1329,500,1,4267
88177,53468,400,1,5080
74453,5500,0,0,5181
39601,4066,0,0,5434
1227,0,0,0,5786
138254,24100,0,0,5420
18046,162,0,0,5416
108395,8598,0,0,5416
21839,1375,0,0,5411
11542,49100,1500,3,5405
41648,32117,2200,5,5408
39908,45824,0,0,5394
14889,1500,0,0,5393
103796,63335,250,1,5021
69323,5140,0,0,4786
21599,5561,0,0,5302
60936,56381,0,0,5051
148053,10250,250,1,5301
10702,200,200,2,5272
249,1000,0,0,5204
36290,8600,2600,9,5111
157416,67795,0,0,5132
1511,2250,0,0,5051
184701,45629,500,1,4989
139298,0,0,0,4965
82380,2601,0,0,5071
115591,9500,2500,16,4967
107333,4374,1874,4,5063
737514,43993,2150,7,5030
23023,0,0,0,5087
43403,3350,3350,12,3930
15719,5740,0,0,4974
128676,8500,0,0,5164
8836,4788,808,3,4544
94875,58314,800,7,4736
27243,6785,0,0,4606
64969,1135,0,0,4996
6112,0,0,0,5072
71784,39276,0,0,4936
31484,3125,0,0,4117
17995,0,0,0,4994
40994,26916,500,1,5078
286101,72965,3000,11,4666
205219,30347,0,0,4792
74777,20630,0,0,5384
218191,24630,0,0,5240
22132,0,0,0,5150
83508,11268,2176,2,5069
88122,19408,0,0,5174
152284,77045,1648,10,4996
4146,3750,0,0,5210
25272,0,0,0,5189
21855,200,0,0,5383
63454,49068,0,0,5383
24292,6558,0,0,5276
60168,44133,0,0,4313
9554,2710,0,0,5064
30130,9192,0,0,4993
12665,4125,0,0,4539
9860,99,99,1,5055
10069,200,0,0,4933
2224,0,0,0,5098
40576,0,0,0,5118
5667,5667,0,0,4937
59791,3254,0,0,4602
128664,44298,50,1,5155
126947,2350,350,1,5167
189235,20487,0,0,5282
38604,625,0,0,5184
73008,12930,0,0,5050
62942,4752,2121,6,5070
33057,5190,0,0,4828
42572,21809,100,1,5070
38671,2200,1000,5,5192
5320,2275,0,0,5084
228529,24687,500,1,4924
46272,5720,800,3,5092
113758,12616,0,0,5199
105458,750,700,2,4924
39946,16951,0,0,5282
92859,33378,0,0,5185
25158,52278,0,0,5079
82270,24612,0,0,5270
97155,10004,0,0,5244
153197,14712,100,1,5189
55864,3691,500,1,5251
23890,35574,0,0,5031
46545,0,0,0,5066
7354,0,0,0,5050
45031,1000,0,0,5227
16125,23288,0,0,5210
200,200,200,1,5254
195754,98535,2550,9,5202
54189,8940,0,0,4791
15439,490,0,0,5147
56308,2500,1000,2,4688
1000,0,0,0,4769
45412,1100,1100,3,5163
21582,10811,0,0,4695
16866,0,0,0,5072
86011,31769,0,0,5381
31786,2661,0,0,5380
16994,1550,1050,2,5379
5824,0,0,0,5401
17587,17587,0,0,5367
1000,0,0,0,5367
91670,48193,1000,2,5365
92800,62042,350,1,5358
31134,20108,0,0,5352
57002,2570,0,0,5350
66516,45406,200,1,5311
18154,7748,0,0,5310
320997,82255,0,0,5345
14345,50752,0,0,5487
43603,17100,100,1,5335
1836,850,350,3,5329
156041,5644,0,0,5324
49145,12755,2450,7,5323
11648,475,0,0,5318
14525,4625,0,0,5317
10689,2750,0,0,5315
37552,100,0,0,5340
210350,56754,0,0,5302
26156,23831,0,0,5297
32061,1100,0,0,5295
355145,61926,806,8,5288
6000,0,0,0,5286
30892,11474,0,0,5283
29263,15184,0,0,5279
221432,31975,0,0,5275
43761,5398,0,0,5268
21393,5040,0,0,5262
108950,3300,3300,9,5259
25089,40763,550,2,5259
77709,36028,100,2,5253
22533,22206,100,1,5248
25302,11312,0,0,5245
11908,0,0,0,5240
176982,2299,0,0,5234
8723,77923,0,0,5231
9071,1647,0,0,5225
144848,37056,0,0,5219
130364,62083,250,1,5213
15592,37173,0,0,5209
25404,2125,500,1,5203
34584,6962,1500,7,5202
32313,29188,0,0,5397
168897,37451,400,2,5189
68891,37257,500,1,5178
18068,0,0,0,5174
137134,92740,0,0,5170
26561,100,0,0,4926
22093,14857,200,1,2587
58538,48670,500,2,4352
29667,5304,0,0,4841
88093,15518,343,1,4660
472241,3600,3500,11,5045
62569,33765,50,1,4888
20982,44238,0,0,4716
44665,333,333,2,3601
22639,1840,0,0,5168
120152,6250,3750,26,4497
51402,4375,0,0,4978
32749,450,450,3,5050
170309,66546,4130,4,5009
18924,4000,0,0,5168
61919,39163,350,1,5157
193547,3544,0,0,5153
57927,1500,1500,3,5149
161321,59645,0,0,5147
66936,3450,950,4,5147
72178,2100,0,0,5139
33964,300,0,0,5128
94272,11098,0,0,5121
53360,7251,6251,4,5120
3578,0,0,0,5114
29342,5835,0,0,5153
28228,12948,300,1,5108
118601,51240,0,0,5105
24660,7206,0,0,5136
147822,42469,0,0,5107
190208,37122,1800,6,5091
2625,125,0,0,5087
49438,33912,0,0,5085
24930,13060,0,0,5084
89835,9058,0,0,5080
46734,10007,0,0,5080
315273,12584,4084,4,5079
50,50,50,1,5073
97416,63679,0,0,5093
127768,65264,250,1,5064
139882,47089,0,0,4859
10740,0,0,0,4926
57330,380,0,0,4986
33560,2600,0,0,4604
53210,11422,0,0,4993
9795,0,0,0,4960
16984,10334,0,0,4884
46349,33923,1100,2,4856
118079,43298,500,1,4867
29632,0,0,0,4898
164307,21704,0,0,4023
13490,0,0,0,4870
36296,5780,0,0,4600
190429,27500,1500,3,4974
120447,53804,350,1,4840
35094,4000,0,0,4944
208804,56204,500,1,4429
30662,0,0,0,4996
157452,45312,0,0,4471
24266,2375,0,0,4111
49991,44146,2510,4,4803
42275,4100,1600,5,4712
59162,2520,0,0,4726
109625,63372,500,1,5056
30486,0,0,0,5051
240904,63385,350,1,5045
266776,8370,6520,28,5042
20818,15214,0,0,5036
106509,1113,0,0,5036
65982,1750,750,3,5030
9002,1586,0,0,4933
16088,17872,0,0,4563
10079,569,0,0,4651
48863,71013,1050,3,4925
137402,950,200,3,4685
71076,10000,0,0,4820
20630,2045,0,0,4643
119180,9275,1300,6,4657
54116,34997,0,0,4848
36665,1625,0,0,4747
507371,51765,450,1,4770
48721,18781,300,3,4672
391222,27471,1600,7,4905
88668,9889,100,1,4903
46074,2193,0,0,4419
1923,1170,0,0,4615
46030,4375,0,0,4566
31236,2250,0,0,4523
18351,0,0,0,4744
4779,600,0,0,4926
124775,11564,700,2,4847
66923,17139,0,0,4875
24008,540,0,0,4901
118415,4475,100,1,4545
2793,8000,0,0,4588
70464,4000,1000,2,4889
71930,32774,500,1,4300
126484,5942,3192,11,4758
39503,16671,2339,2,4884
7291,0,0,0,4104
4838,23592,500,1,5024
73811,25394,1000,2,5021
156219,55874,0,0,5015
114376,33949,0,0,5009
23965,7308,550,3,5003
45766,4550,1300,7,5002
57857,62650,12400,29,4996
19998,4309,0,0,4995
29506,4826,500,2,4993
6020,0,0,0,4986
27989,25369,2729,2,4981
21933,27166,550,1,4974
58758,6500,0,0,4974
86069,35282,0,0,4972
8350,2125,0,0,4967
26862,15510,0,0,4965
133853,68136,0,0,4960
72623,0,0,0,4957
36887,9048,0,0,4951
49737,60922,550,2,4946
53869,6750,0,0,4940
5264,0,0,0,4496
132132,20443,1310,4,3916
319241,71867,0,0,4692
333346,52013,4309,12,4469
22459,104,0,0,4215
65021,10369,0,0,3547
44205,28340,0,0,3676
18433,3174,0,0,3930
6341,3658,0,0,3706
3641,1164,0,0,3603
39207,965,0,0,3757
63362,16331,350,1,3544
220267,8500,0,0,4716
329,23492,0,0,4868
22424,648,0,0,3951
36805,13018,0,0,3799
63437,7160,0,0,4595
8962,0,0,0,4198
7922,0,0,0,4491
113731,1700,700,4,4482
12612,0,0,0,4170
45916,675,500,2,2818
51324,20533,0,0,4408
412,13000,0,0,4761
8103,2750,0,0,4776
91237,78864,0,0,4321
17388,0,0,0,4232
52046,1058,683,7,3456
50015,20839,50,1,4497
45340,14063,500,1,4660
200963,6164,150,1,4782
85884,7742,0,0,4692
4236,3000,0,0,4148
55843,6000,0,0,4341
43000,1273,173,1,4646
5573,1958,0,0,3714
2080,0,0,0,4635
43686,4039,0,0,4328
11001,255,0,0,4315
10146,26633,0,0,4509
35062,16237,0,0,4152
11866,6139,0,0,4667
41048,1195,0,0,4856
25004,1113,0,0,4860
194074,12500,0,0,4701
65952,34770,0,0,4827
265532,4652,0,0,4849
61286,1500,0,0,4755
118177,20910,402,1,4811
183370,30988,12988,9,4848
98608,969,0,0,4663
22529,5115,3400,16,4865
2502,15500,500,1,4761
123430,49987,0,0,4798
36219,4044,0,0,4595
61405,32316,1350,8,4828
3789,181,0,0,4756
16065,0,0,0,4456
404142,75509,0,0,4784
28733,0,0,0,4650
26965,7346,0,0,4653
278437,50888,0,0,4744
5074,500,0,0,4730
43338,1000,1000,4,4275
23551,2375,0,0,4663
32015,6000,0,0,4574
65435,1000,500,1,4786
39079,3070,0,0,4750
108616,36476,0,0,4644
80154,47270,0,0,4352
25563,303,0,0,3511
18007,33237,0,0,4665
51752,25962,0,0,4631
21540,1188,0,0,4791
233057,102840,0,0,4791
196079,56890,0,0,4791
276607,11430,6430,11,4791
20681,0,0,0,4939
155278,27200,0,0,4926
194949,10121,4621,10,4930
307260,40533,250,1,4791
105588,22973,0,0,4805
41366,27148,0,0,4806
59445,5500,500,2,4843
130920,30299,1100,6,4793
49777,12241,0,0,4777
58778,28325,0,0,4919
38224,2587,0,0,4824
93700,58745,0,0,4827
533120,120983,0,0,4827
34941,23718,0,0,4755
115197,17638,0,0,4820
31230,815,815,5,4931
98604,17490,0,0,4919
385195,0,0,0,4903
136104,68988,2069,8,4916
23984,2737,0,0,4905
169947,48140,0,0,4895
71264,94161,1000,2,4903
71610,20918,0,0,4895
151152,13635,1100,1,4895
164178,35314,1100,3,4883
18601,100,0,0,4888
49331,23572,100,1,4888
43326,4164,0,0,4881
12112,0,0,0,4882
98343,31961,0,0,4971
83006,45167,0,0,4906
110980,12900,950,4,4853
78032,24046,0,0,4862
176262,12678,150,1,4862
239576,13301,0,0,4849
642756,37889,1000,2,4841
41370,51335,0,0,4842
92905,1766,0,0,4827
7430,10500,0,0,4791
68390,3450,950,2,4754
18366,1100,1100,3,4783
197673,48932,0,0,4775
11789,28756,900,2,4775
213539,2750,0,0,4751
13310,0,0,0,4755
207395,55903,500,1,4761
25688,3103,0,0,4754
259582,3833,1762,9,4638
288379,15942,1442,5,4741
3580,130,0,0,4730
84305,78931,0,0,4734
4780,0,0,0,4733
88192,47848,500,1,4784
105665,31226,0,0,4727
24756,7720,500,2,4723
51304,11611,10075,36,4708
12404,1950,1200,4,4701
80988,4413,0,0,4707
5617,4400,400,1,4706
68023,119512,500,1,4702
108100,45113,1000,2,4699
17470,4100,2500,5,4691
138332,67836,0,0,4692
4087,500,0,0,4684
40264,19137,0,0,4684
13290,3175,0,0,4679
130761,52423,0,0,4674
14371,28723,0,0,4671
25322,23821,0,0,4673
55356,23871,0,0,4660
134501,59855,1193,2,4663
63311,29318,0,0,4667
90307,3150,650,2,4664
2198,16070,0,0,4658
43749,9557,0,0,4664
7730,375,0,0,4659
16171,2875,0,0,4656
192108,10200,200,2,4656
35895,15720,0,0,4649
46578,8322,0,0,4645
54309,6772,250,1,4698
45613,29117,350,1,4625
297127,27415,0,0,4631
93148,7776,0,0,4631
27905,3794,0,0,4628
139983,17289,100,2,4629
188703,62973,500,1,4625
19479,2250,0,0,4625
63635,5175,50,1,4622
77203,66817,0,0,4646
19020,330,0,0,4614
61172,6875,0,0,4609
7342,0,0,0,4604
62076,11221,1050,2,4603
13046,0,0,0,4597
11527,16874,3880,6,4583
77814,43914,0,0,4587
75303,74990,0,0,4598
7545,616,0,0,4587
26972,0,0,0,4587
184805,52755,0,0,4726
93971,62023,450,3,4580
66328,40522,0,0,4575
51745,41377,0,0,4606
64341,63621,0,0,4568
49708,0,0,0,4560
46926,27889,0,0,4554
199418,25590,3199,9,4548
9126,1202,350,1,4554
95109,26149,0,0,4593
65706,21958,0,0,4534
9862,31280,0,0,4545
253349,68947,1000,2,4545
25541,660,0,0,4520
5580,60,0,0,4533
37514,35874,500,1,4537
67083,4600,500,1,4532
92646,27177,0,0,4523
21110,3402,0,0,4516
102570,70503,0,0,4524
15876,0,0,0,4512
8957,0,0,0,4509
5375,2000,0,0,4509
109114,31956,0,0,4512
23432,1162,0,0,4510
111384,26669,0,0,4505
69880,4635,0,0,4552
11289,1500,0,0,4492
119676,550,550,4,4485
21847,929,903,3,4491
40808,38612,400,2,4490
47509,21210,1000,2,4490
20248,18507,1700,5,4488
3441,1643,0,0,4484
35216,9959,0,0,4481
63036,9006,0,0,4475
20844,20844,0,0,4474
42420,1000,0,0,4461
36254,7232,0,0,4453
22412,11654,0,0,4460
11512,3667,0,0,4460
1703,1230,0,0,4390
51471,15505,412,1,4450
70518,2000,1000,2,4450
431824,30480,500,1,4443
25577,33420,0,0,4432
17111,13577,0,0,4434
99336,14195,500,1,4453
67612,0,0,0,4442
38918,6505,618,2,4442
72812,16930,50,1,4442
134937,500,0,0,4427
121688,31631,0,0,4420
162410,20203,0,0,4420
59821,4200,200,2,4419
96053,2200,2200,6,4391
171946,19198,0,0,4397
15737,220,0,0,4404
77814,14786,0,0,4394
53768,4798,450,1,4387
245731,34322,0,0,4385
87366,18012,0,0,4380
56461,40190,0,0,4359
46855,8845,0,0,4379
53027,0,0,0,4585
96610,66298,0,0,4362
61450,7927,0,0,4383
18538,2200,0,0,4344
28319,18449,0,0,4392
107360,15641,0,0,4423
32510,14568,0,0,4341
9753,1235,0,0,4343
13033,1625,0,0,4334
17609,803,803,5,4317
104052,6016,0,0,4331
13878,0,0,0,4317
7254,0,0,0,4323
12560,1282,1282,6,4324
94938,12999,0,0,4310
86143,29652,500,1,4317
138512,30130,50,1,4313
66875,3206,0,0,4308
96026,25670,0,0,4310
31572,0,0,0,4299
11834,0,0,0,4306
23552,36165,0,0,4300
66052,8380,0,0,4301
55639,2750,0,0,4299
68226,3147,200,2,4299
37953,62571,0,0,4282
17810,1375,0,0,4294
21915,7000,0,0,4289
32563,4200,200,1,4282
49479,5500,100,1,4282
23854,22498,250,3,4274
60049,0,0,0,4278
75112,35532,500,1,4271
19787,2016,500,1,4258
30664,21242,700,5,4268
91716,6978,0,0,4267
219174,4500,2000,4,4265
16495,18779,0,0,4261
25963,8183,0,0,4244
1701,10,0,0,4260
73852,0,0,0,4252
12791,0,0,0,4246
39020,1295,0,0,4246
1076,11379,0,0,4233
34443,2125,0,0,4233
4735,275,0,0,4257
41279,3664,3164,3,4233
4708,1000,0,0,4232
63090,12059,350,3,4231
156544,46593,0,0,4225
12239,2912,0,0,4226
101464,14610,0,0,4223
55147,29219,0,0,4225
59424,36600,1000,3,4211
52084,4836,0,0,4222
368535,146201,2600,6,4210
116288,65073,0,0,4209
114508,29960,1250,8,4226
456509,500,500,1,4201
19634,0,0,0,4198
56258,38591,500,1,4197
102373,67212,6600,14,4190
20426,3993,3493,6,4194
13034,60000,0,0,4169
22455,38814,0,0,4175
11604,95,0,0,4177
72510,31469,0,0,4169
33383,0,0,0,4163
181200,7514,0,0,4159
17500,17500,0,0,4167
22751,4500,4500,9,4166
12465,380,0,0,4162
6316,0,0,0,4149
66860,12667,980,5,4155
975,350,0,0,4519
197973,72345,1029,2,4155
50909,14830,0,0,4135
79500,21489,0,0,4146
15875,24918,0,0,4141
159109,19554,1557,6,4138
12906,0,0,0,4124
14155,3250,0,0,4134
576,12082,0,0,4128
48896,4081,3397,10,4139
27669,3375,0,0,4127
21708,12811,0,0,4100
10643,40585,850,2,4107
264685,57505,0,0,4112
35433,1600,0,0,4113
162369,41359,500,1,4113
6206,375,0,0,4107
226941,44771,0,0,4099
94544,111827,350,1,4105
128302,132263,400,2,4103
3664,0,0,0,4089
56017,3905,1668,1,4086
40835,50602,2250,10,4090
24496,4000,500,1,4086
36033,36033,0,0,4079
12766,1900,400,2,4072
147596,19175,16675,18,4076
16489,4851,0,0,4064
84516,22713,0,0,4063
74147,8315,50,1,4064
24887,0,0,0,4047
56954,29409,0,0,4051
8647,0,0,0,4036
37114,21623,0,0,4040
50715,39211,0,0,4051
149305,49893,0,0,4030
225665,4288,500,1,4048
20534,589,0,0,4021
3962,292,0,0,4027
5112,0,0,0,4020
67358,67027,500,1,4379
11925,400,400,4,4015
30300,2160,0,0,4002
39139,710,0,0,3967
52440,500,0,0,4026
23329,6326,0,0,4008
10679,13363,0,0,4001
53487,0,0,0,3991
355423,20500,100,1,3963
9052,280,0,0,3987
129972,15081,500,1,3986
283670,39260,200,1,3972
189054,17900,7400,23,3985
150312,1000,0,0,3967
33517,1250,250,1,3978
97750,12616,600,2,4074
59035,245,0,0,3960
132335,30273,0,0,3974
82981,105325,1000,2,3964
52139,16314,250,1,3965
123313,31595,0,0,3959
131755,37299,0,0,3952
46440,5582,0,0,3952
58970,13467,0,0,3946
152367,43406,700,3,3938
80534,20715,0,0,3949
12184,1160,0,0,3939
10355,6510,0,0,3918
39947,1750,0,0,3922
3082,0,0,0,3923
37563,8142,0,0,3925
145868,61068,10042,4,3925
14231,4950,1700,5,3917
87282,13480,0,0,3911
11355,135,0,0,3916
197239,53412,250,2,3914
50586,0,0,0,3902
54388,27516,0,0,3903
30546,11304,0,0,3900
24407,923,0,0,3910
640169,82561,400,2,3895
56213,3207,350,1,3900
21944,29461,0,0,3900
76552,150010,0,0,3894
37244,38220,0,0,3890
38439,3318,0,0,3886
32160,1130,250,1,3883
126873,95598,500,1,3880
8000,2250,0,0,3879
194906,23780,200,1,3880
85751,26842,0,0,3711
15676,0,0,0,3178
55064,8041,0,0,3329
40675,1413,0,0,2895
7843,600,600,2,3557
56896,34019,0,0,3696
91935,17550,0,0,4216
50496,13287,0,0,4610
19896,9866,0,0,4602
156853,37625,0,0,4510
65533,7595,0,0,4544
223670,32709,2227,4,4230
91813,8690,2000,4,3911
12207,0,0,0,4565
26421,1250,0,0,4593
16176,0,0,0,4170
44754,0,0,0,3648
23827,8125,1000,2,4616
93743,1210,650,5,4676
4787,3125,500,1,4734
179472,11289,0,0,4708
73639,4709,2709,9,4341
76077,500,0,0,4616
66456,3500,1000,2,4679
14273,0,0,0,4341
134346,100210,0,0,4485
37693,30546,0,0,4671
11961,11961,0,0,4646
63311,90181,950,6,4604
20678,2155,0,0,3862
5316,1134,0,0,4610
86511,5000,2000,4,4625
133831,100,100,1,4588
30306,2500,0,0,4309
95925,7337,350,2,4625
35080,0,0,0,4562
14304,0,0,0,4600
115385,5890,1250,7,4546
66411,34826,3001,9,4211
6978,610,0,0,4349
39909,2682,0,0,4470
8767,6589,3892,6,4394
25544,3271,0,0,4580
166417,28607,0,0,4357
69555,21957,250,1,4390
2344,1478,0,0,4481
8780,2750,0,0,4237
111064,12700,2700,6,4547
44654,48874,0,0,4530
32678,0,0,0,4481
327126,97997,350,3,4440
76387,3588,0,0,4442
268097,26933,0,0,4105
52195,35847,0,0,4476
137778,19557,0,0,4599
354807,6000,3500,11,4597
3056,1200,0,0,4363
101901,17898,100,1,4433
34182,0,0,0,3967
7371,1375,0,0,4505
178733,26465,1800,4,4537
87553,15681,0,0,4547
14614,2275,0,0,4567
91259,60609,0,0,4531
23997,250,250,2,4204
37202,15000,0,0,4511
53232,80696,22100,45,3831
54594,14402,0,0,4233
57474,5535,0,0,4364
20111,5653,0,0,4468
45950,38921,750,2,4302
67948,2750,650,3,4226
216498,43083,2500,5,4440
100649,4000,500,1,4457
52713,16273,100,1,4449
186892,63444,500,1,3732
11690,17615,0,0,4417
144697,2000,0,0,4420
75179,1015,0,0,4118
19850,500,500,1,4376
96154,7052,0,0,4433
55778,6500,500,1,3704
36227,7230,0,0,3736
93848,1600,1500,3,4475
41153,28686,0,0,4404
20789,0,0,0,4279
121992,3200,600,2,4257
37911,2250,0,0,4385
233656,41941,500,1,4266
41133,635,0,0,4419
60864,23364,50,1,4436
90526,2000,0,0,4488
15148,15148,0,0,269
5393,0,0,0,4517
434,15530,0,0,3628
81055,14344,0,0,4610
31360,821,0,0,4488
156885,38601,0,0,4534
4148,13504,0,0,4607
63820,13981,0,0,4608
379744,19191,1850,11,4608
76659,0,0,0,4608
40724,29481,0,0,4007
146173,13871,0,0,4414
26055,647,0,0,4464
68,590,0,0,3937
50001,4853,0,0,4023
122506,21022,0,0,4408
126886,9120,0,0,4044
42342,11408,11408,23,4331
58898,23050,50,1,4328
45735,10085,0,0,4239
77225,30646,0,0,4282
59874,0,0,0,3986
30868,405,0,0,4226
34257,2010,0,0,4309
42639,7366,0,0,4181
771,40256,0,0,4203
89708,8000,0,0,3173
75892,8738,0,0,4160
140918,69760,0,0,3883
475338,39680,700,4,3355
14426,0,0,0,4096
29559,28969,0,0,4236
113113,10736,0,0,4307
73027,34002,0,0,4063
17386,0,0,0,3771
9310,500,500,1,4272
11023,0,0,0,4328
55406,38118,500,1,4310
47638,0,0,0,3739
30040,8636,500,1,3873
24787,1000,0,0,3930
40758,3500,1000,2,4299
726,0,0,0,4268
40686,260,0,0,4177
16626,2500,0,0,4329
18944,300,300,3,3932
114949,87136,600,2,4294
32522,5971,471,2,4042
86533,3700,700,2,3600
166470,9574,0,0,4194
10797,0,0,0,3581
131618,46473,0,0,4274
77523,11050,1000,2,4274
47905,14575,2000,4,4245
28695,0,0,0,4173
15253,5427,0,0,4373
193818,16327,0,0,3768
30556,950,550,3,4361
22678,2125,0,0,4068
89430,24314,0,0,1547
26522,18479,0,0,4358
59913,2210,150,1,3481
16516,500,0,0,4275
49050,18436,0,0,2426
27981,63004,0,0,2921
4939,1000,0,0,2515
26077,6768,0,0,3487
110893,4653,0,0,3645
56455,6000,0,0,4218
32699,1500,500,1,3167
109790,16108,0,0,3123
166681,107645,0,0,3287
145233,9366,4866,3,2626
1054,15147,0,0,3133
27532,4639,0,0,3939
62464,5675,500,1,3820
4041,0,0,0,3344
28138,6330,0,0,3847
33010,0,0,0,3915
45687,45,0,0,2269
12981,0,0,0,4246
168246,4600,100,2,4103
75505,30850,500,1,4007
55591,8817,0,0,3693
37358,50488,0,0,3967
33803,6100,0,0,4079
2500,2500,0,0,3717
140527,3500,0,0,4023
5360,0,0,0,4392
124430,15523,1200,8,4054
240007,46771,0,0,4048
245021,13639,180,1,3984
53518,73933,400,1,3930
122545,269,250,1,3834
192889,10500,0,0,4096
227776,47286,2276,5,3980
37833,48172,500,1,3551
48256,9690,0,0,3979
99704,15750,0,0,4106
394999,4150,150,3,3599
82497,0,0,0,3565
15326,0,0,0,4140
32619,1070,0,0,3846
57017,2495,0,0,3854
252741,29296,635,3,4189
49375,23628,0,0,3797
25341,38,0,0,3995
45150,18907,0,0,4141
187462,10500,500,4,3953
19132,9124,0,0,3915
196967,38490,9550,20,4008
13040,500,0,0,3972
184301,6454,3954,12,4010
36294,0,0,0,3956
89840,7048,0,0,3819
6914,1500,0,0,3915
28493,21845,300,1,3932
111793,500,0,0,4057
18700,870,0,0,3995
53957,7000,500,1,4133
135770,4700,200,3,4215
189784,35464,2197,4,4190
60076,45582,0,0,3935
3522,3522,0,0,3916
36736,0,0,0,4134
100634,69669,1540,12,4193
88918,5537,0,0,4180
245045,25039,500,1,4173
37948,19213,0,0,3914
81552,7703,0,0,3855
118067,8715,0,0,3718
268314,29968,500,1,3869
135488,57787,0,0,4117
68243,10012,903,3,3888
56693,20454,0,0,3893
194875,7550,1050,3,3831
206155,28447,0,0,3848
35425,4125,0,0,3834
161579,7688,5688,20,3811
11314,741,0,0,3845
119531,60503,250,1,4002
48433,4300,800,3,3673
10872,4500,0,0,3882
109268,7401,750,1,4034
105160,20458,0,0,3732
90919,44430,0,0,3739
50230,4149,800,4,3727
74538,18835,0,0,2726
4606,4320,0,0,3501
61617,23495,0,0,3972
15275,75,0,0,2761
112891,500,500,1,3909
41176,7624,2624,4,3729
81251,19500,0,0,3958
18142,220,0,0,3638
16200,40455,0,0,3840
8913,2050,50,1,3630
14372,9042,0,0,3557
77965,41126,2683,7,3120
12271,7684,1000,2,4219
49874,39976,0,0,4293
35445,3379,0,0,4198
91755,5026,751,3,2676
33753,14961,500,1,3335
53750,23135,0,0,3736
110132,19000,0,0,3271
12221,511,0,0,3692
65519,0,0,0,4150
47291,1350,350,3,2336
124564,11026,0,0,3840
24111,9374,0,0,3802
35801,3337,0,0,3743
150972,2700,700,2,3645
292023,14125,3250,7,3683
47090,0,0,0,3726
1300,454,0,0,3691
109103,19600,7600,24,3739
101057,13650,2150,9,3600
20900,1000,0,0,3685
46607,0,0,0,3727
33017,1069,250,1,3814
30729,16456,0,0,3795
35546,3376,0,0,3739
7845,265,0,0,3508
25788,4650,4650,13,3687
13543,1443,423,2,3811
16618,897,0,0,3620
11548,1634,0,0,3837
22181,6245,0,0,3656
222312,29039,0,0,3721
25080,2060,0,0,3795
17964,5030,0,0,3783
155385,15267,0,0,3624
3977,0,0,0,3593
14620,0,0,0,2833
46882,0,0,0,3701
3350,65,0,0,3540
3049,0,0,0,3613
32377,250,250,2,3515
9396,860,350,2,3588
102669,6760,306,2,3265
26745,17547,0,0,3664
120576,36635,0,0,3823
7658,300,0,0,3231
11136,100,0,0,3571
168778,57060,500,1,3326
124979,14267,0,0,3720
35659,1102,0,0,3533
55996,12165,0,0,3582
65904,47224,5350,18,3655
125679,68151,650,1,3683
235312,56685,0,0,3476
64414,1952,0,0,2395
34204,16862,1700,5,3596
22384,0,0,0,3676
13381,1150,150,1,3312
10959,500,0,0,3469
28607,5943,0,0,2895
30686,6161,0,0,3596
8260,700,0,0,3673
61584,27937,0,0,3783
141594,30565,0,0,3776
114549,5000,1000,2,3760
64153,23563,0,0,3575
10000,790,0,0,3564
21839,853,119,1,3638
182704,5850,3100,10,3820
92551,13755,500,1,3895
49353,34656,0,0,3540
21843,1411,0,0,3177
34072,500,0,0,3879
72962,28055,0,0,3869
99502,19678,600,2,4182
13250,17778,0,0,3861
98232,56687,500,1,3867
98895,89709,500,1,3854
119340,400,400,5,3855
30171,15370,0,0,3853
105957,4881,0,0,3859
22548,3225,0,0,3852
89761,11965,0,0,3845
65263,22500,0,0,3844
128456,70125,0,0,3764
35203,1800,1800,16,3832
62023,750,550,1,3819
44197,2500,0,0,3831
104245,45589,0,0,3810
252520,43392,500,1,3818
85496,2799,2711,6,3820
49874,7200,1700,4,3817
109649,22136,0,0,3812
34379,13051,150,1,3805
56688,3550,1050,9,3812
48970,30872,0,0,3817
70789,76661,150,1,3810
24277,5330,0,0,3796
20308,19526,0,0,3797
111041,10252,0,0,3875
27904,6622,0,0,3793
128620,7747,0,0,3789
65340,33795,500,1,3775
27135,4908,0,0,3783
32898,1000,0,0,3777
196922,40170,0,0,3755
196175,33886,0,0,3775
11457,705,0,0,3767
175344,40152,0,0,3770
5154,54657,0,0,3769
13232,8668,0,0,3753
88232,11550,550,3,3729
75526,46421,0,0,3712
53935,0,0,0,3743
18402,0,0,0,3746
24784,100,0,0,3729
62903,16434,0,0,3732
80272,34744,550,2,3728
10458,10458,0,0,3726
188184,32170,0,0,3707
83524,43152,0,0,3694
10794,0,0,0,3712
49807,6393,0,0,3718
18266,12254,0,0,3713
87851,28969,0,0,4026
32991,1230,0,0,3693
28677,215,0,0,3699
103809,16776,0,0,3699
417,3000,0,0,3670
8859,11998,0,0,3690
26896,5364,0,0,3685
16986,0,0,0,3676
25530,25131,0,0,3677
77067,40129,0,0,3671
6350,0,0,0,3657
76118,79154,1992,2,3621
40420,8649,0,0,3651
30178,14422,0,0,3656
15088,0,0,0,3650
138020,16449,500,1,3637
27310,15537,500,1,3623
109131,17481,150,1,3622
35356,18520,300,1,3637
33466,355,0,0,3592
350608,50988,2643,5,3630
42107,3600,1000,2,3607
74796,19710,400,1,3616
26129,20265,0,0,3629
30893,0,0,0,3623
9445,1000,1000,2,3613
52965,500,0,0,3606
19516,17696,0,0,3593
106378,56007,0,0,3607
22201,51278,350,1,3602
73378,13607,0,0,3599
50193,12263,0,0,3596
165144,24156,0,0,3581
53556,0,0,0,3575
18387,40560,800,2,3588
28577,48564,0,0,3586
55417,37127,0,0,3575
142244,12325,0,0,3578
23139,8156,0,0,3578
146232,83783,375,1,3566
35323,1875,0,0,3553
108081,217006,0,0,3567
1021,100,0,0,3553
120345,38323,650,2,3544
11593,9055,0,0,3558
68180,2044,0,0,3550
26605,3704,0,0,3543
17920,3250,0,0,3546
85156,133,0,0,3550
9005,520,0,0,3531
55404,10613,500,1,3531
42584,841,0,0,3526
92843,27650,9150,26,3530
51082,40878,0,0,3524
18727,0,0,0,3524
212029,43162,0,0,3518
48806,12600,2500,8,3502
15610,0,0,0,3508
46876,9680,0,0,3498
14075,4286,0,0,3513
59895,10500,0,0,3497
25936,0,0,0,3495
134318,333,258,1,3488
32807,17259,0,0,3482
38591,11039,0,0,3488
48958,24430,0,0,3483
10710,1000,0,0,3460
60349,10350,0,0,3468
9453,2585,0,0,3463
60867,41345,0,0,3454
27590,100,0,0,3455
100069,18745,0,0,3454
27820,3005,0,0,3454
20503,520,0,0,3445
137371,4977,1977,4,3447
12950,12798,195,1,3432
25207,6883,0,0,3440
17088,0,0,0,3510
24100,26674,2300,7,3421
101632,48658,0,0,3432
233449,21274,0,0,3419
45257,3625,0,0,3417
626,626,0,0,3393
18272,2920,0,0,3405
10756,1375,0,0,3104
161281,6321,175,1,3399
75680,23159,0,0,3397
59839,26962,0,0,3404
201259,40755,0,0,3398
101772,26480,1000,2,3396
190674,104159,4754,15,3396
1452,2375,0,0,3396
30902,4175,50,1,3384
65458,28356,1100,3,3382
114067,42569,0,0,3336
93371,55338,0,0,3382
20207,3033,0,0,3370
41040,66292,200,2,3372
41062,8275,0,0,3356
208825,42007,0,0,3369
81087,18971,0,0,3362
14336,0,0,0,3349
29929,18032,150,1,3344
121390,8500,0,0,3342
23226,2236,0,0,3343
451294,45907,500,1,3347
68012,247,0,0,3342
23589,0,0,0,3336
35033,1000,0,0,2913
19860,1500,0,0,3281
49588,4960,100,1,3299
111442,30368,0,0,3392
87402,41685,0,0,3306
21875,12398,0,0,3299
71459,36608,1020,3,3312
34049,2030,0,0,3306
39759,100,100,1,3278
64138,22089,0,0,3257
83811,25936,500,1,3281
51864,6795,0,0,3279
168886,66859,200,1,3285
51730,2875,0,0,3264
118141,46521,0,0,3259
76060,33424,0,0,3263
25316,0,0,0,3258
16859,64109,4822,9,3266
42236,8639,8389,9,3259
3446,0,0,0,3245
26119,3189,0,0,3257
136732,87549,0,0,3252
14554,0,0,0,3237
165203,36666,0,0,3239
76513,45265,0,0,3235
137076,61276,1600,4,3225
11952,0,0,0,3244
44742,2500,0,0,3217
94022,2585,0,0,3222
29287,0,0,0,3216
199273,58457,0,0,3217
114868,45996,0,0,3204
37335,19507,0,0,3202
45522,10728,0,0,3197
66524,34682,0,0,3188
38411,500,500,1,3190
38137,11050,50,1,3182
22077,1385,0,0,3187
65784,10953,0,0,3169
95916,11845,0,0,3182
122164,9944,0,0,3182
307149,58008,650,2,3173
200089,75019,300,2,3166
161453,38956,0,0,3158
135568,40051,0,0,3166
98339,16336,0,0,3145
26103,13692,0,0,3151
11133,0,0,0,3147
7011,19791,0,0,3152
177232,14787,0,0,3137
29298,24656,0,0,3141
35304,30532,0,0,3131
14952,250,250,1,3099
163315,8035,0,0,3120
23649,3250,0,0,3176
4460,4741,1816,1,3113
169794,22824,767,2,3119
23781,50,50,1,3085
704113,98119,0,0,3082
34942,19016,0,0,3089
5970,1000,0,0,3091
192246,3170,500,1,3083
34103,34630,0,0,3115
142152,19464,0,0,3088
12713,0,0,0,3077
28848,0,0,0,3069
10940,0,0,0,3062
24372,255,255,1,3064
29005,90,0,0,3060
215155,57130,0,0,3069
30062,7373,4373,8,3057
13117,1972,0,0,3027
86341,20991,0,0,3053
142810,8000,0,0,3049
8399,21136,0,0,3052
120622,25675,500,1,3040
86150,7600,100,1,3011
14079,6503,0,0,2999
10036,13959,0,0,3030
80737,2845,150,1,3028
25435,7147,0,0,3027
241165,1700,200,2,3000
85826,33678,0,0,3026
654,14967,0,0,3022
11525,0,0,0,3008
40204,850,350,2,3006
22963,0,0,0,2998
47165,4545,0,0,2992
103240,44627,50,1,2993
61737,6789,0,0,2921
25766,2548,100,2,2973
147090,35511,1800,16,2927
79333,1500,1500,3,2977
4923,305,0,0,2985
56687,48989,0,0,2973
326704,37408,0,0,2962
45149,21292,0,0,2949
57477,2607,0,0,3038
48265,1000,0,0,2951
34249,4100,0,0,2951
210491,48287,0,0,2958
25671,10513,0,0,2945
191583,25675,0,0,2950
90332,12845,0,0,2927
53532,30808,0,0,2927
71507,3750,0,0,2934
35196,0,0,0,2922
30034,15816,0,0,2908
47787,47223,450,1,2921
46967,2000,0,0,2888
103615,13668,1300,11,2896
5110,0,0,0,2901
128927,61165,0,0,2882
5000,5000,0,0,2893
126701,20636,0,0,2878
34855,230,0,0,2882
34464,5312,0,0,2886
86638,45861,0,0,2867
140398,118013,1100,4,2972
65812,185,0,0,2854
34177,7072,350,1,2867
58195,24808,0,0,2838
34781,11270,0,0,2859
22457,17579,0,0,2858
19996,500,0,0,3217
26256,2000,0,0,2847
42966,7734,0,0,2840
3129,0,0,0,2840
138008,34178,200,1,2962
9611,2250,0,0,2845
40702,39897,0,0,2826
105579,16332,0,0,2830
46654,3215,0,0,2830
518960,15700,200,1,2819
39715,17388,0,0,2826
199,0,0,0,2822
6345,7719,0,0,2805
72598,6090,1100,1,2804
59805,2900,1700,5,2802
10307,0,0,0,2808
37997,11073,0,0,2805
102083,12978,150,2,2780
104632,26700,1200,7,2791
18260,500,0,0,2780
28484,350,0,0,2782
29105,5000,0,0,2774
49560,0,0,0,2770
29346,150,150,1,2773
75288,36866,0,0,2774
42366,6293,0,0,2770
151336,11400,1000,4,2742
48363,790,0,0,2766
11529,15738,0,0,2768
61956,17500,0,0,2755
15378,25236,736,3,2741
85346,2835,0,0,2748
215946,2125,0,0,2740
66539,27894,0,0,2741
97131,33324,1500,3,2727
14513,0,0,0,2731
211773,23256,0,0,2675
45742,7625,250,1,2712
39862,14152,350,2,2727
75132,53001,400,3,2720
91296,19057,0,0,2712
117290,1754,0,0,2717
75556,2790,0,0,2712
5103,5103,0,0,2697
10747,990,500,1,2697
31789,10220,0,0,2699
59515,3170,0,0,2705
86913,23705,0,0,2691
49129,16921,500,1,2692
135408,62224,607,1,2697
41152,3250,0,0,2669
145750,10986,0,0,2531
7041,1747,0,0,2718
273442,54625,2850,7,2676
44514,3577,0,0,2657
96490,2000,0,0,2665
45050,4875,500,1,2669
91048,51580,100,1,2669
20352,1900,500,1,2658
34294,17683,0,0,2661
59696,63827,500,1,2654
106155,0,0,0,2657
29244,6252,0,0,2650
27592,335,0,0,2633
16128,475,0,0,2643
51353,8114,2004,10,2637
235422,30208,0,0,2629
7456,0,0,0,2635
33604,13619,0,0,2633
24803,0,0,0,2623
58411,2500,0,0,2619
3273,500,0,0,2749
28480,2644,0,0,2628
46706,3344,0,0,2609
102230,3406,500,1,2620
12096,50,50,1,2607
118487,3388,0,0,2592
20518,5580,0,0,2600
6280,1220,200,2,2578
11700,0,0,0,2585
391,9000,0,0,2581
78305,130,0,0,2580
145214,3500,500,1,2560
137760,64949,0,0,2580
88563,42410,0,0,2567
25748,0,0,0,2566
27102,27102,0,0,2563
25824,17760,750,2,2559
23054,400,300,2,2553
29150,13952,0,0,2544
37529,25706,0,0,2558
7515,13681,0,0,2552
194576,41315,550,1,2539
24265,1854,0,0,2550
16773,140,0,0,2525
5432,1000,1000,2,2535
110480,44191,500,1,2539
86273,35304,500,1,2523
20674,16876,0,0,2528
8335,3750,0,0,2522
40893,1130,0,0,2518
644881,14350,10850,26,2511
61081,37682,2000,4,2509
27438,2528,2528,6,2490
14748,2210,0,0,2497
49514,4500,0,0,2569
7457,17131,0,0,2496
97193,13338,0,0,2502
68456,6317,0,0,2488
123842,24295,0,0,2500
61285,55027,0,0,2412
20157,1450,150,1,2455
41073,13993,0,0,2493
21784,6208,0,0,2483
12868,1875,0,0,2483
147862,44783,0,0,2426
11836,5075,350,1,2479
25681,14941,2963,16,2468
282784,19314,3100,7,2460
59704,57404,0,0,2440
75279,5375,0,0,2459
66681,4478,3504,12,2465
72085,20310,150,1,2462
2039,0,0,0,2451
2214,0,0,0,2448
16208,0,0,0,2451
25829,1375,0,0,2444
83217,3679,0,0,2447
9520,12515,0,0,2438
103215,16726,0,0,2427
62629,36986,0,0,2438
45603,5964,0,0,2432
44792,9463,0,0,2430
97535,0,0,0,2418
60085,14714,0,0,2404
76938,23503,0,0,2422
2562,9075,1050,3,2412
7685,500,0,0,2406
102942,56780,0,0,2405
7029,495,0,0,2565
2119,0,0,0,2399
207311,31000,12000,24,2395
77753,12483,0,0,2377
171637,4300,2800,7,2364
35243,10046,1500,3,2356
46186,9744,0,0,2364
54810,19665,0,0,2368
25637,445,0,0,2367
35088,320,0,0,2362
73899,2745,500,1,2362
81171,3700,100,1,2348
39418,700,200,2,2343
62124,0,0,0,2355
14134,2125,0,0,2312
405499,72318,9729,29,2329
20353,1729,0,0,2298
93154,30752,0,0,2333
9492,781,250,1,2320
18369,800,700,3,2327
32824,1660,100,1,2339
109416,73665,2200,5,2327
28312,1726,0,0,2335
78462,20291,0,0,2311
32740,10722,0,0,2315
57293,1000,0,0,2319
174743,27460,0,0,2326
59486,3517,0,0,2315
211355,11238,0,0,2294
56805,16617,0,0,2307
278258,1000,0,0,2298
18545,25053,0,0,2304
5570,9094,0,0,2287
44690,24779,1000,2,2297
127835,52700,0,0,2301
32540,44283,100,1,2297
54396,34007,0,0,2283
162840,57382,0,0,2277
109441,6500,4000,8,2237
7369,0,0,0,2277
16378,0,0,0,2272
39859,3675,0,0,2272
44214,24928,0,0,2259
73102,18156,0,0,2272
3552,10597,0,0,2264
71593,22666,0,0,2266
74072,50272,0,0,2264
42970,7889,0,0,2256
23385,18303,150,1,2248
51176,40397,0,0,2243
12426,0,0,0,2238
10062,2000,0,0,2242
34790,0,0,0,2272
95759,9198,6195,8,2231
51592,18678,0,0,2230
23294,420,0,0,2228
33398,14086,0,0,2223
229576,9030,9000,18,2217
60250,43071,0,0,2214
81871,23068,0,0,2222
259529,700,200,2,2210
430,220,0,0,2196
75949,952,0,0,2195
44206,22598,500,1,2247
125274,3150,550,2,2194
104670,3993,0,0,2202
282971,5780,300,3,2192
28731,29782,0,0,2182
16965,2475,0,0,2182
50658,1600,500,1,2174
124681,23392,2287,5,2173
74352,17868,0,0,2188
70308,41704,0,0,2186
98722,18012,50,1,2178
79020,3422,0,0,2179
28335,400,0,0,2161
22011,0,0,0,2167
49436,33836,0,0,2167
145072,15000,0,0,2152
8992,9113,0,0,2145
72497,24279,0,0,2161
187999,52429,4550,24,2184
62335,500,0,0,2147
41556,26682,0,0,2131
15436,6147,0,0,2138
109618,14159,0,0,2138
182228,41048,0,0,2139
1000,0,0,0,2126
36699,2500,0,0,2119
135828,34495,450,2,2142
39098,18992,0,0,2129
20713,13421,400,1,2104
18959,0,0,0,2115
28010,150,0,0,2115
148976,2650,650,2,2108
126680,18248,4723,31,2108
664,0,0,0,2108
18533,27904,0,0,2102
202168,12463,0,0,2098
4653,0,0,0,2094
37839,11512,0,0,2084
29196,7011,0,0,2082
38378,1600,600,3,2091
66716,22571,200,1,2082
7500,0,0,0,2084
47992,645,450,1,2073
85823,0,0,0,2074
32323,1250,0,0,2074
87633,69237,4050,9,2068
104523,4000,0,0,2073
60856,17332,0,0,2076
15526,2750,0,0,2063
83781,35151,200,1,2066
17681,500,0,0,2059
76909,18405,0,0,2066
22084,2773,0,0,2054
50783,11595,0,0,2060
43220,4985,100,1,2041
41275,0,0,0,2035
13738,6485,900,5,2042
32270,0,0,0,2040
22053,39810,0,0,2042
32708,11556,0,0,2035
7108,5598,2500,5,2026
47056,0,0,0,2031
112197,32108,0,0,2013
106757,51234,0,0,2013
105294,56281,850,5,2021
180481,18315,3100,7,2019
169139,9500,0,0,2019
92406,9402,750,2,1999
41150,0,0,0,2000
3831,2,0,0,2013
48014,0,0,0,2005
19078,200,200,1,1999
3965,8228,0,0,2003
37965,2250,0,0,1998
69884,89360,450,2,1990
24557,18957,0,0,1996
16733,1000,0,0,1983
41824,2100,0,0,1982
8188,500,500,1,1985
36146,4091,3091,9,1975
37331,0,0,0,1970
15000,15000,0,0,1976
232194,46165,0,0,1978
8557,200622,622,3,1955
1000,1000,0,0,1970
84179,22397,0,0,1976
66590,1300,0,0,1975
66445,22276,0,0,1975
174286,11850,2100,5,1950
33951,12279,0,0,1963
27204,7627,0,0,1968
16442,0,0,0,1962
39669,31989,0,0,1955
8063,18250,0,0,1950
15243,675,0,0,1944
17603,7247,0,0,1958
66466,86952,0,0,1956
52537,49146,100,2,1944
51172,500,0,0,1939
56186,27538,400,4,1926
18074,1625,0,0,1765
31759,0,0,0,1922
34007,440,0,0,1937
28338,90,0,0,1936
28693,8229,0,0,1937
15036,7917,0,0,1935
26797,0,0,0,1928
79192,14404,150,1,2080
83651,14809,1997,3,1914
19128,10595,0,0,1919
11245,0,0,0,1920
18735,4100,0,0,1913
43310,11943,0,0,1804
51142,5000,0,0,1874
127588,11297,0,0,1906
43304,3750,250,2,1887
33064,300,0,0,1895
10424,0,0,0,1894
6517,2025,0,0,1900
47160,0,0,0,1898
15584,2875,0,0,1894
164222,7300,800,3,1892
248738,500,0,0,1888
25853,23163,0,0,1886
113183,4200,600,5,1865
153664,55567,0,0,1881
21285,2375,0,0,1879
70353,2986,150,2,1879
39728,16359,0,0,1860
28294,0,0,0,1865
109505,15766,0,0,1867
78317,34282,2537,11,1859
20969,40234,150,1,1831
36398,9704,0,0,1858
166199,10550,50,1,1851
147770,64517,450,4,1831
16875,500,0,0,1838
17060,0,0,0,1836
44101,57114,0,0,1829
142729,0,0,0,1823
23578,16366,500,1,1830
19881,800,800,4,1822
62960,50255,0,0,1824
16685,400,0,0,1817
33405,1600,0,0,1808
37211,23007,0,0,1817
2900,2900,2900,29,1804
99226,5796,0,0,1811
31899,29816,500,1,1804
17769,5165,0,0,1807
50212,1507,500,1,1801
32125,1010,500,2,1795
12120,1000,0,0,1802
82352,5760,0,0,1797
6286,230,0,0,1788
17326,0,0,0,1787
32234,17001,0,0,1780
60386,24356,1565,1,1785
56174,6589,0,0,1768
81144,34664,0,0,1769
51737,3119,0,0,1774
95537,29226,150,1,1774
36311,100,100,1,1766
23518,11843,0,0,1768
34042,3463,250,1,1761
19591,4437,0,0,1772
46455,6817,0,0,1763
89413,24667,0,0,1767
169546,68315,600,2,1761
17135,60,0,0,1747
72253,29227,0,0,1752
8344,1500,500,1,1753
52718,11540,0,0,1755
23933,10144,0,0,1804
179207,7041,0,0,3169
76177,31922,0,0,3057
11472,9068,0,0,3290
131635,60315,0,0,2756
124027,8698,0,0,2952
15138,140,0,0,2993
43229,5000,0,0,2644
310226,61894,1700,9,2900
27043,0,0,0,2814
55381,0,0,0,3600
53983,24862,0,0,3512
59179,18908,0,0,3530
43510,4850,350,2,3328
32886,3606,0,0,3281
7015,1150,150,2,3398
19627,500,500,1,3340
79903,6600,3300,9,3162
28464,5167,0,0,3344
9768,7069,100,1,3242
18522,4100,600,5,3256
55086,525,400,2,3293
158986,3558,0,0,3404
18939,855,0,0,3216
242018,3050,550,2,3218
61474,47717,0,0,3354
53892,28641,0,0,3131
23315,705,50,1,3309
33918,145,0,0,3012
65926,11639,0,0,3362
67753,18303,0,0,3134
49280,22370,0,0,3312
97606,42980,0,0,3355
36861,4642,1200,3,3350
49749,13609,0,0,3265
36300,450,350,1,3329
80500,16368,0,0,3146
8210,9122,0,0,3312
40257,12885,0,0,3237
31930,1337,267,1,3330
9154,0,0,0,3260
54345,1850,0,0,3348
38835,2625,500,1,3378
4858,0,0,0,3294
56745,6000,0,0,3280
87507,17714,0,0,3274
84126,5858,4358,10,3159
27566,6362,0,0,3279
22805,26334,1800,6,3294
38508,13523,0,0,3279
8184,0,0,0,2832
12263,325,325,1,3224
89576,20333,0,0,3099
183303,11500,500,1,3281
326201,19350,0,0,3119
132894,34540,0,0,3106
12881,500,0,0,3244
114037,14000,500,1,3201
71682,11662,0,0,3173
94016,4773,0,0,3161
71263,80554,0,0,2987
16341,0,0,0,3190
60331,17878,0,0,3036
47966,51615,650,3,3145
148086,32551,0,0,2913
15279,17984,300,1,3139
0,5491,2116,5,3204
52885,1600,100,1,3020
36844,21715,0,0,3161
142527,24091,4650,24,3206
20390,2500,0,0,2528
29182,50698,0,0,2999
65207,34832,1450,4,3115
568,710,0,0,3053
30759,510,0,0,3195
276,2396,396,1,3042
22496,9712,500,1,3180
23846,9177,0,0,2678
26505,0,0,0,3102
72131,7681,0,0,2390
24406,5005,0,0,3127
63193,20372,100,1,3036
23179,0,0,0,2794
14710,3500,0,0,3149
74073,45526,200,1,2976
43348,68846,200,1,2869
97424,63796,0,0,2873
20603,115,0,0,3054
92097,20450,1850,3,2825
31520,130,0,0,2858
29350,27703,0,0,3020
20537,44791,2612,4,1569
17376,4920,0,0,2265
24563,5718,4218,5,1776
52562,23773,600,2,3021
48224,0,0,0,2888
13271,0,0,0,1435
129919,7150,650,2,3053
17893,9623,0,0,3074
52693,947,0,0,2374
50895,29618,0,0,2980
36459,7573,5473,15,2885
68532,68704,0,0,2822
34862,2725,0,0,3004
20391,90,0,0,2884
178010,5500,500,1,2777
20773,13619,0,0,2765
264735,6980,0,0,2894
45883,5647,0,0,1464
36978,100,100,1,3033
449205,4750,3250,8,3071
45005,0,0,0,2934
45533,56208,0,0,2963
26513,7670,0,0,2678
20417,5000,0,0,3013
7490,0,0,0,3042
14394,935,150,2,2754
103888,4379,4379,3,2238
61191,8502,0,0,2112
7329,10639,0,0,2993
12688,0,0,0,2993
106921,26666,0,0,2581
31668,1800,300,2,2271
34996,6313,150,1,2909
23099,300,300,3,2292
109133,21378,0,0,2989
103586,4000,3900,6,2726
45575,23223,0,0,2964
76430,13653,0,0,3018
18059,0,0,0,2019
188759,3082,0,0,2817
36953,25598,0,0,2997
27155,47252,300,1,3001
89112,28670,0,0,2680
72768,290,0,0,2762
23178,0,0,0,2351
25676,0,0,0,1597
63190,18950,250,1,3041
1666,980,0,0,2761
105544,31001,500,1,2888
206287,11294,150,1,2819
40255,2975,750,2,2880
5317,0,0,0,2992
7606,29307,0,0,2930
43255,2691,750,1,2864
22414,1094,0,0,2957
92225,48276,350,1,2972
127199,2563,0,0,2917
12176,875,0,0,2268
142929,40826,0,0,2803
28670,11727,0,0,2980
82122,700,700,3,3044
54637,21181,4673,21,2927
6181,2000,0,0,2878
25485,9655,2800,8,2798
16136,0,0,0,1177
128213,7956,500,1,2522
92492,11029,0,0,2839
85412,25102,500,1,2816
46003,1340,0,0,2698
95982,3630,0,0,2623
20529,0,0,0,2644
28254,17117,1050,6,2692
26101,3900,3900,15,2222
50939,16453,0,0,2753
35039,174,0,0,2314
175501,34318,7974,19,2691
1439,80,0,0,2684
214674,25688,2500,5,2607
38429,1004,1004,2,2521
22865,1750,0,0,2375
23033,7910,0,0,2765
103172,3125,0,0,2416
23448,36941,700,3,2675
115161,9050,3050,15,2417
58382,11327,4800,23,2480
156766,23375,0,0,2840
34137,335,0,0,2593
17219,6167,3757,6,2627
43823,500,0,0,2717
63364,15415,0,0,2560
18497,14138,0,0,2643
23173,7843,0,0,2565
51367,40004,0,0,2434
34894,13955,0,0,2447
7422,2229,0,0,2653
16090,850,850,6,2592
2784,0,0,0,2066
54177,45403,500,1,2123
29326,23061,0,0,2497
26164,0,0,0,2566
29518,2702,0,0,2532
29754,500,0,0,2655
8000,0,0,0,941
69788,1500,1500,3,2705
38042,7658,0,0,2606
23894,6000,0,0,2705
110628,63759,0,0,2654
10839,190,190,1,2341
47513,19904,0,0,2516
16321,0,0,0,2710
37550,0,0,0,2579
37936,6211,0,0,2719
38061,34227,3600,8,2649
25934,370,0,0,2565
54942,4200,4200,10,2610
139423,54152,500,3,2677
298505,130647,600,2,2483
98753,1475,0,0,2619
25157,830,0,0,2732
24134,1250,0,0,2390
6628,2125,0,0,2539
14504,0,0,0,2329
36665,3250,0,0,2951
17481,1396,0,0,586
33111,0,0,0,2461
89237,37668,0,0,2533
93028,40887,0,0,2507
89094,55865,0,0,2404
11109,53627,0,0,2623
14957,0,0,0,2634
17823,15323,0,0,1453
8485,0,0,0,2111
56756,10851,0,0,2068
99196,28334,0,0,2595
21736,6672,0,0,2544
11324,11082,0,0,2661
60109,2300,2300,6,2501
129887,26810,810,3,2566
18150,240,0,0,2538
57432,13422,5100,12,2546
32659,3614,0,0,2553
103203,3200,200,2,1556
27122,0,0,0,2630
40252,1375,0,0,2565
194816,20822,6647,12,2424
65460,0,0,0,2493
17863,0,0,0,2028
28443,53065,150,1,2462
15655,2807,957,4,2476
38307,1500,1500,3,2151
15135,13357,0,0,2579
73601,12902,2000,4,2624
31489,21950,0,0,2216
48852,1058,0,0,2278
188883,5500,0,0,2613
37212,0,0,0,2455
43285,745,0,0,2436
10758,0,0,0,1777
40926,1725,0,0,2453
10915,5455,0,0,2473
38580,4337,0,0,2168
26650,4652,4652,11,1958
25268,4566,800,3,2126
9338,200,200,1,2371
67070,34600,2100,10,2416
19382,195,0,0,2545
25205,0,0,0,2532
9634,9634,0,0,2146
18954,550,550,3,2465
41279,8682,0,0,2241
56624,12311,0,0,2491
11021,115,0,0,2449
4096,3802,0,0,2433
5199,28100,0,0,2592
41072,3751,0,0,2378
83623,2692,900,4,2395
15920,2500,0,0,2466
50674,22073,0,0,1615
55461,31658,500,2,2315
93264,3250,0,0,2369
115154,13466,500,1,2440
24920,375,0,0,2067
64924,14971,0,0,1989
25210,14500,500,1,2138
41247,0,0,0,2407
5929,168,0,0,2371
14457,1875,0,0,2409
29067,485,250,1,2147
112164,16802,0,0,2188
44764,5539,0,0,2081
38997,5158,0,0,2399
115215,5824,0,0,2096
96714,17026,0,0,2185
32988,49484,0,0,2161
11552,0,0,0,481
38739,3050,550,2,1976
142989,26210,500,1,2340
1724,27305,0,0,1784
56395,72905,1800,4,2344
11845,625,0,0,2334
46378,2358,2358,5,1766
85071,6600,0,0,2322
53543,21183,563,2,1149
33834,3920,0,0,1850
36839,4436,0,0,2275
42042,9846,0,0,1606
72027,0,0,0,2386
2692,800,50,1,2447
17818,0,0,0,1709
70927,12011,1567,8,2096
57622,1250,0,0,2337
323,0,0,0,1975
33530,0,0,0,1777
16452,9181,0,0,2108
287033,26161,12873,53,2272
55487,23123,1150,5,1986
14648,21157,0,0,1843
10621,90,0,0,2223
23224,1750,0,0,2322
17684,93,0,0,2012
2477,2319,500,1,2137
44668,872,0,0,1557
22461,150,150,1,2223
103200,500,500,1,2062
74007,9259,0,0,2181
22134,0,0,0,2161
242062,5125,0,0,2150
24683,600,0,0,2117
51680,54926,3088,8,2112
8819,12472,0,0,1920
61545,18351,0,0,1973
124837,4400,1500,5,2053
50848,0,0,0,1773
19661,0,0,0,2175
32156,23928,2150,12,2257
123055,11564,1039,2,2209
63331,4200,700,2,2060
9646,3445,0,0,2140
16569,3204,0,0,2120
194111,12350,2750,15,1777
147128,59991,1065,1,2279
59177,2300,700,3,1869
26693,22057,0,0,1863
2912,510,0,0,2132
13982,500,0,0,2117
14428,3475,0,0,1599
21740,5625,0,0,2048
8811,600,0,0,2032
48256,8942,0,0,2121
10994,10492,0,0,2215
27320,0,0,0,1725
66614,0,0,0,1992
78105,49364,0,0,2070
120860,2000,0,0,1761
77382,4950,0,0,2256
19290,0,0,0,2331
50987,0,0,0,2259
101290,33876,500,1,2291
17377,500,0,0,2010
11711,500,500,1,1922
28712,1500,1500,3,2256
110839,17550,7550,23,2272
65633,3100,2000,8,1791
69106,17832,0,0,2007
66009,0,0,0,1603
16843,780,0,0,2112
27071,2125,0,0,2059
25807,550,550,3,1838
132871,300,200,2,1719
24065,29586,0,0,1045
92533,2220,2220,4,1905
14513,50,0,0,1710
162365,65029,0,0,1948
4834,13441,0,0,1851
21311,2000,0,0,1990
49804,0,0,0,2157
135567,3650,1050,3,1967
135374,23835,917,2,2294
140914,0,0,0,1791
6789,0,0,0,2237
61893,0,0,0,2320
83082,16207,250,1,2003
16962,0,0,0,2206
85955,34197,600,2,2046
22215,2375,0,0,1857
105898,4444,1944,4,2332
66807,23456,0,0,1575
131366,1500,500,1,1999
31929,3500,1000,2,2019
20540,5731,500,1,1970
48131,60090,0,0,2161
16346,5930,0,0,2108
15540,209,104,1,1761
17828,35099,0,0,2115
298927,69449,150,3,2047
66300,4750,1150,3,1884
28446,0,0,0,1920
80906,23548,0,0,2140
12153,1050,1050,9,2041
37569,3850,250,1,1597
98151,38812,500,1,1976
224852,7750,750,3,2102
19881,2472,0,0,2186
13490,0,0,0,2032
46672,22404,0,0,2021
119735,22432,1000,2,1996
18317,2375,0,0,2032
26334,0,0,0,2258
143441,58475,0,0,2238
10697,1000,0,0,2111
14072,20700,0,0,1949
35661,600,500,2,1759
54697,1625,0,0,1809
18359,0,0,0,1748
47764,23122,400,1,1872
51169,13080,0,0,1809
32099,10534,0,0,1929
84148,84148,0,0,1054
45137,2000,0,0,1319
18179,5488,0,0,1877
39566,23755,0,0,1763
46809,125,0,0,1878
41628,16771,0,0,1818
20891,150,0,0,1920
36513,825,725,2,1611
116923,70403,0,0,1738
7879,1815,0,0,1849
40091,0,0,0,1803
45842,8253,128,1,1805
500,0,0,0,396
43595,4375,0,0,1867
29291,31357,1950,6,1391
63392,20553,0,0,1087
19578,5208,0,0,1632
10926,0,0,0,1851
19839,36375,0,0,1535
64594,9295,0,0,1869
24580,255,0,0,1926
20318,6990,0,0,1956
24579,2100,0,0,1967
71713,2135,0,0,1845
73501,21014,3694,8,1720
61479,6050,50,1,1755
21915,1875,0,0,1518
16465,16165,0,0,1631
61841,48700,0,0,1659
23197,10587,150,1,1747
26069,0,0,0,1278
5690,11612,0,0,1549
1000,0,0,0,1597
14052,0,0,0,1808
2143,0,0,0,1672
18239,0,0,0,1683
4892,0,0,0,1282
34412,14734,0,0,1524
34535,2719,0,0,1358
23720,4000,500,1,1678
11816,0,0,0,1596
11218,3850,0,0,1604
12568,350,0,0,1664
13188,1500,1500,3,1955
39983,39983,0,0,1569
28526,4167,0,0,1360
68359,15803,0,0,1293
22048,100,0,0,1702
1866,1128,0,0,1782
40408,9612,0,0,913
20642,4977,0,0,1614
66574,2500,400,4,1791
18656,4752,0,0,968
57374,2100,2100,5,1440
25898,7834,0,0,1588
42481,24617,0,0,678
62492,3725,2600,9,1536
4431,0,0,0,1582
25090,25860,0,0,1786
95728,56111,0,0,1372
11631,3289,0,0,1157
54039,5250,1250,10,1709
5625,2350,0,0,1270
22966,3950,450,6,1443
5544,350,0,0,1713
37171,3450,950,4,1341
40425,3300,1700,5,1753
9805,4403,0,0,1559
29417,16011,0,0,1582
37093,4250,0,0,1810
21461,4010,0,0,1509
21950,5739,0,0,1668
14233,160,0,0,1687
105737,71728,0,0,1705
22551,0,0,0,1794
35474,15086,0,0,1479
21854,500,500,1,1100
50386,2750,0,0,1721
28502,2375,0,0,1732
238446,37766,1550,11,890
20516,3500,0,0,1429
97391,26299,0,0,1607
29253,7625,0,0,1630
139982,14500,0,0,1430
68192,1300,1300,9,1640
21615,5043,1000,2,1069
36829,42497,1001,1,1015
152178,39760,248,1,1073
17397,1750,0,0,1215
45006,1400,300,4,925
4289,2350,750,2,1083
133351,84215,7000,22,1529
42093,1831,0,0,1526
74331,15779,0,0,1514
120462,10500,750,2,1503
14243,6654,0,0,1487
6803,1644,0,0,1296
8885,1500,0,0,1386
38761,9015,0,0,1533
5500,0,0,0,989
76660,38807,3341,1,1193
30463,4619,0,0,1275
6914,0,0,0,812
67495,8620,0,0,1302
15339,1375,0,0,628
5745,400,400,4,1067
81155,49904,0,0,1276
45432,12833,0,0,1322
39386,18722,0,0,1359
69647,45175,2250,3,854
25849,0,0,0,996
3625,0,0,0,1369
4057,23050,2550,7,1135
30273,1720,0,0,1117
24750,0,0,0,968
12471,0,0,0,666
2000,0,0,0,1479
2827,0,0,0,1375
63121,16634,150,1,1349
19694,2125,0,0,1436
11571,0,0,0,1116
26933,750,0,0,1299
1456,500,0,0,1130
16188,3726,300,4,900
12088,27292,100,1,1298
119214,19633,15533,17,1041
66956,4520,1508,1,1342
4360,2000,0,0,1355
7056,0,0,0,1057
32934,500,0,0,858
6551,300,300,3,1117
24915,265,0,0,1184
10100,4400,2900,9,1032
20691,16448,0,0,1227
11676,1000,0,0,1158
31504,7358,0,0,1022
12093,1605,0,0,1411
44353,2500,0,0,138
35557,350,0,0,1135
38465,10550,550,2,1580
3258,0,0,0,106
31224,1150,650,6,1508
93191,10463,3100,7,1539
20010,0,0,0,1302
37866,9200,0,0,1230
65664,11899,0,0,1121
59967,10000,0,0,959
12134,57676,3064,9,974
19892,3505,0,0,1240
38292,12487,250,2,531
68224,28916,0,0,1258
103645,3450,950,2,1374
189077,54353,100,1,542
3246,0,0,0,1401
33323,0,0,0,1405
114719,0,0,0,1136
60319,22051,50,1,817
25705,0,0,0,1180
52475,14447,0,0,962
151265,61068,0,0,1213
960,6000,0,0,1262
17036,0,0,0,1210
34458,1883,0,0,843
177785,77203,0,0,1251
13125,550,550,4,268
14494,500,0,0,575
13460,0,0,0,271
9216,340,0,0,1466
22840,0,0,0,773
22289,18105,189,1,1501
9389,4195,695,2,1509
26375,7875,0,0,1431
3625,2000,0,0,1431
16200,5375,0,0,1407
40465,6540,0,0,1408
1000,375,0,0,1382
4750,1875,0,0,1416
74280,23735,0,0,1425
1250,625,0,0,1071
60014,45105,500,2,669
12250,4875,0,0,1346
8250,3000,0,0,915
15732,6875,0,0,666
9300,3250,0,0,1396
9500,3125,0,0,1415
3750,1500,0,0,1397
12350,4125,0,0,1314
13623,2625,0,0,1330
10824,3375,0,0,867
1250,1250,0,0,679
17215,1750,0,0,1423
16825,4250,0,0,1431
2125,875,0,0,1396
9175,4000,0,0,1428
23717,3375,0,0,1404
18750,7000,0,0,1036
6125,2750,0,0,144
4399,750,0,0,1369
10200,3625,0,0,1408
49151,12931,0,0,1423
9375,3250,0,0,1410
8992,1250,0,0,1417
13936,1625,0,0,1418
5250,1875,0,0,1418
5500,2875,0,0,1428
29182,3517,642,2,1404
7400,2600,0,0,1394
4350,2100,0,0,1409
6875,4625,0,0,581
6000,2250,0,0,713
11927,4000,500,1,1188
11864,2500,0,0,1397
10000,3375,0,0,1418
5375,1375,0,0,1396
4500,1500,0,0,1033
4150,375,0,0,1424
9125,750,0,0,1174
13301,3500,0,0,1400
16504,500,0,0,1397
10400,1840,0,0,1397
3750,1750,0,0,1178
8725,5600,0,0,1426
7388,3958,150,1,446
16700,1500,0,0,1269
11850,4475,0,0,893
62705,2750,0,0,1422
2125,625,0,0,1248
11875,3625,0,0,1408
7375,2750,0,0,714
54264,15178,0,0,1397
49482,33147,0,0,1255
48607,18284,0,0,1339
3967,375,0,0,1337
6250,2250,0,0,1365
11572,7164,0,0,1163
12000,5625,0,0,859
1500,500,0,0,893
5875,2125,0,0,997
13350,3850,0,0,1071
10197,3098,0,0,723
3250,2125,0,0,1117
12375,3875,0,0,863
7625,4375,0,0,1393
11875,3625,0,0,1388
1625,1250,0,0,1381
160114,71954,30817,53,1373
4500,2250,0,0,666
2625,1375,0,0,850
5400,1875,0,0,1324
28745,10375,0,0,1323
12675,4875,0,0,1390
2875,1375,0,0,1381
4500,2125,0,0,1271
500,125,0,0,1355
11361,3375,0,0,1367
9794,2250,0,0,968
27619,83726,14050,46,1325
21842,3250,0,0,929
37478,5409,5409,4,429
6305,0,0,0,1031
13749,400,400,4,996
7591,0,0,0,926
10508,0,0,0,309
74093,20055,0,0,949
11692,0,0,0,95
1022,0,0,0,463
12964,450,350,2,943
265,6000,0,0,1012
17191,2484,2484,6,922
29836,16165,0,0,815
22647,1136,0,0,883
33087,24761,500,1,724
5931,0,0,0,882
37300,23760,0,0,676
23704,14935,0,0,868
44038,21634,0,0,872
31011,0,0,0,1130
64956,36694,0,0,1012
12078,500,500,1,983
141554,41685,1000,2,1139
24847,1550,0,0,1022
46207,16093,0,0,1130
121779,3500,1000,2,634
28049,100,0,0,1164
11690,0,0,0,360
36491,500,500,1,1027
33413,31605,0,0,647
9446,0,0,0,667
48944,17988,0,0,1005
68092,16524,500,2,652
1000,1000,0,0,148
1884,0,0,0,31
22027,1225,0,0,653
4130,100,0,0,673
3447,1000,0,0,872
59317,4794,1194,1,660
2886,500,0,0,557
4028,0,0,0,346
45485,8417,0,0,759
31539,6406,200,1,721
4586,1000,0,0,249
20335,5115,0,0,768
2250,1750,0,0,817
25418,50,50,1,720
2686,7500,500,1,301
47662,100,100,1,760
4224,0,0,0,336
4375,2875,0,0,248
76210,37937,1110,8,798
10512,0,0,0,836
3834,500,0,0,524
41537,3000,250,1,669
4584,0,0,0,652
19870,11075,0,0,892
18088,16697,0,0,501
20765,15949,0,0,319
7138,0,0,0,293
17539,500,400,2,628
7038,1336,1336,3,309
5459,9864,0,0,880
1125,0,0,0,898
8994,0,0,0,1104
44780,2100,1100,2,968
12286,7972,250,1,1018
25047,500,500,1,443
16844,0,0,0,483
49271,20695,0,0,852
9157,22802,1245,3,901
86588,4537,0,0,1072
53027,30627,0,0,1290
24765,19969,0,0,595
29174,100,0,0,1087
1100,1100,0,0,438
56712,15685,500,1,997
8232,0,0,0,258
58816,4600,1100,3,570
24295,250,250,2,621
20198,3139,3139,2,601
24454,1919,0,0,732
7847,0,0,0,284
29056,4354,0,0,715
42071,500,0,0,502
570,180,0,0,785
8904,3740,0,0,898
4354,1000,0,0,706
2000,0,0,0,165
57346,7946,5446,5,492
11303,0,0,0,119
642,0,0,0,355
1000,0,0,0,500
5269,22697,0,0,604
38995,1200,200,1,563
4652,0,0,0,207
500,0,0,0,340
4546,1000,0,0,239
31673,2500,0,0,283
8684,0,0,0,544
2104,0,0,0,466
862,0,0,0,8
972,0,0,0,2
4490,0,0,0,107
13560,0,0,0,368
2000,0,0,0,520
8964,0,0,0,594
1837,1000,0,0,219
500,0,0,0,122
4090,0,0,0,59
12264,0,0,0,267
54950,30500,0,0,450
16094,0,0,0,199
1000,0,0,0,594
6705,600,0,0,507
6338,0,0,0,322
3110,1100,0,0,345
3000,1000,0,0,270
23257,0,0,0,361
18933,0,0,0,284
93198,28923,0,0,500
9862,1693,693,2,309
16501,0,0,0,360
9264,4830,0,0,424
4676,0,0,0,141
4636,0,0,0,42
3065,0,0,0,87
3230,0,0,0,10
8660,0,0,0,172
1500,0,0,0,60
2627,0,0,0,25
1224,0,0,0,269
12602,5632,500,1,158
1022,0,0,0,277
3788,0,0,0,61
1446,0,0,0,99
20882,1000,0,0,328
5450,125,0,0,687
25730,1431,931,2,630
6835,765,0,0,596
16936,14970,0,0,580
20410,0,0,0,541
1500,0,0,0,480
27759,7195,0,0,499
500,500,0,0,493
25054,32592,3409,6,486
4751,0,0,0,334
5354,0,0,0,32
1500,1500,0,0,235
6356,5000,0,0,180
642,642,0,0,170
7504,0,0,0,100
6015,0,0,0,30
27488,23927,0,0,2273
39956,0,0,0,3206
35569,27119,0,0,3357
55472,17848,3763,3,3566
15682,5025,500,1,3298
70178,61530,1300,6,3306
221543,10300,200,3,3554
77978,1373,650,6,3753
203353,14000,4000,8,3557
68684,5756,0,0,2892
23352,3600,3600,8,1459
24228,2850,0,0,3452
19483,4263,0,0,3589
78231,19182,0,0,3102
74531,10914,750,3,3456
83276,22539,650,2,3424
21216,7787,0,0,3378
17967,1500,0,0,3340
4000,0,0,0,3453
74651,10893,0,0,3456
400,160,0,0,3460
35766,49702,784,1,3503
2000,0,0,0,3188
48296,31329,500,1,3061
822321,138334,600,2,3288
140544,1021,500,1,3342
43971,1491,0,0,2350
10635,45212,0,0,2131
13986,400,400,1,3398
46269,20594,0,0,3487
27712,750,750,2,3491
35850,17759,0,0,3439
7630,220,0,0,3403
31541,5101,0,0,3488
8009,8102,2850,6,3279
14791,23956,300,2,2689
65141,31463,2550,2,3452
68907,33434,0,0,3365
27669,3219,0,0,3413
62589,10000,0,0,2803
374613,23592,5000,14,3463
97768,26734,0,0,3119
73159,358,358,4,3237
48577,34224,0,0,2794
70614,32417,0,0,3519
38827,0,0,0,2993
29919,1225,0,0,2949
9673,0,0,0,2501
72309,41949,289,2,1735
55473,10156,0,0,1751
706,730,100,1,1739
7698,0,0,0,1734
72019,20430,0,0,1789
89876,51620,0,0,1739
19821,2525,425,1,1731
6850,2225,0,0,1719
32091,8426,1000,2,1731
26055,3320,0,0,1727
122488,2800,1300,16,1718
126028,23974,668,1,1716
94201,21559,0,0,1716
6240,0,0,0,1679
13899,5125,0,0,1705
15832,8130,500,1,1698
891,891,0,0,1703
21787,1500,0,0,1704
71502,9482,0,0,1699
3420,1750,0,0,1690
7535,18487,0,0,1678
28132,465,0,0,1702
67329,6500,0,0,1696
20971,43527,0,0,1695
11500,0,0,0,1695
15275,2750,0,0,1694
166638,64572,0,0,1697
86500,51740,0,0,1691
5500,5500,5500,11,1690
62121,3602,0,0,1692
66315,8096,0,0,1689
4342,0,0,0,1678
24838,500,0,0,1684
23165,5990,150,1,1678
25992,24333,0,0,1678
59782,7500,2000,4,1681
64131,7676,4620,11,1681
96179,32069,400,2,1667
101431,49801,0,0,1677
12824,500,0,0,1677
130595,0,0,0,1677
8150,14135,500,2,1676
22291,3812,578,2,1675
204693,5159,0,0,1672
16079,6085,0,0,1670
10630,550,0,0,1670
23027,3375,0,0,1669
112345,36640,0,0,1669
7500,2950,2850,7,1668
4351,0,0,0,1659
97510,71609,7650,26,1665
104656,5000,0,0,1663
9575,0,0,0,1835
55152,14630,0,0,1662
12855,0,0,0,1653
11947,8099,1000,2,1656
24893,0,0,0,1652
17534,0,0,0,1656
37165,19715,0,0,1654
190730,78916,2450,9,1648
4680,135,0,0,1646
10845,0,0,0,1621
22998,0,0,0,1644
15635,410,0,0,1612
35650,23130,0,0,1640
3126,100,0,0,1634
33245,31390,0,0,1628
16152,6129,500,5,1635
15624,0,0,0,1634
59151,11110,0,0,1636
30500,0,0,0,1628
88404,37304,500,1,1628
33017,10333,0,0,1622
16883,4398,500,2,1626
23188,1291,0,0,1627
56289,24051,0,0,1628
5346,0,0,0,1621
24475,800,800,8,1614
25753,3400,0,0,1614
70659,9178,0,0,1622
1000,0,0,0,1597
63162,27564,0,0,1600
17472,500,0,0,1618
6058,0,0,0,1608
11005,5736,0,0,1609
32424,39635,0,0,1584
31784,350,350,1,1604
126167,190160,0,0,1612
17079,4000,0,0,1605
35493,0,0,0,1602
84979,36702,0,0,1600
22029,2882,0,0,1597
771,13160,0,0,1601
50416,4574,450,1,1597
81866,10000,0,0,1591
85696,18603,0,0,1591
134882,15717,0,0,1597
3919,500,0,0,1591
43310,10058,0,0,1589
18148,26,0,0,1565
51653,11052,0,0,1571
179832,18218,2500,5,1569
44324,650,650,4,1583
90666,32474,0,0,1582
10741,6593,1108,2,1579
69954,8500,500,1,1578
13004,13890,0,0,1572
29657,8092,0,0,1592
11974,4025,2400,6,1565
18601,5899,0,0,1600
27604,1570,0,0,1555
126490,8808,5183,12,1566
57642,52176,0,0,1564
14598,625,0,0,1562
6822,0,0,0,1559
55922,8104,4104,16,1552
9620,500,0,0,1523
12966,15021,886,3,1553
39450,0,0,0,1529
121156,12245,1000,2,1538
28028,0,0,0,1548
130748,65510,6349,7,1545
17481,0,0,0,1535
5000,5000,0,0,1537
22885,1060,0,0,1541
26065,5600,1500,3,1530
10760,0,0,0,1534
9312,3405,250,1,1527
14775,14275,0,0,1519
8060,1750,0,0,1534
89222,0,0,0,1528
16148,2625,0,0,1529
4316,1375,0,0,1515
9372,0,0,0,1524
40424,44110,343,3,1523
49519,25762,0,0,1522
37305,10205,0,0,1513
7273,375,0,0,1517
76595,10577,9577,1,1515
33629,4970,150,1,1500
14440,365,0,0,1502
62339,0,0,0,1507
53040,3960,0,0,1595
40346,5412,0,0,1483
23835,0,0,0,1488
17613,5030,0,0,1495
2131,405,0,0,1480
20885,751,0,0,1494
2124,2324,0,0,1487
62645,19602,0,0,1474
139032,19565,1150,4,1481
45533,12247,0,0,1486
35509,14204,0,0,1486
170632,4650,0,0,1480
59650,5050,3950,13,1476
8273,0,0,0,1474
5425,2000,0,0,1412
59927,3100,0,0,1464
33972,21029,0,0,1467
71794,6000,0,0,1453
47301,4561,0,0,1464
60854,5240,0,0,1457
11680,1460,0,0,1459
13942,5822,0,0,1458
24917,3948,0,0,1457
131125,4993,50,1,1443
19640,935,0,0,1451
31611,4030,0,0,1457
16014,0,0,0,1450
16063,2330,0,0,1447
91605,37840,0,0,1444
26504,10599,1000,7,1445
62907,3200,200,1,1431
12532,2069,0,0,1445
52584,2500,0,0,1439
20954,375,0,0,1438
35185,5957,0,0,1439
72297,16241,0,0,1587
58387,14581,0,0,1435
9128,0,0,0,1424
37520,19924,0,0,1432
9399,2125,0,0,1430
10071,27701,0,0,1421
57793,20959,1198,3,1424
28867,19169,0,0,1425
1010,0,0,0,1423
11463,339,0,0,1425
26173,305,0,0,1418
404,550,0,0,1418
59017,34746,0,0,1418
34235,18910,250,1,1415
11933,249,79,1,1412
5000,2125,0,0,1412
2622,1625,0,0,1404
11310,5021,0,0,1409
39142,14981,0,0,1408
11181,929,0,0,1407
3974,365,0,0,1397
18476,8525,200,1,1403
64385,981,0,0,1395
73597,25447,0,0,1402
54899,500,500,1,1401
3016,0,0,0,1398
